date,txVolume(USD),txCount,marketcap(USD),price(USD),exchangeVolume(USD),generatedCoins,fees,activeAddresses,medianTxValue(USD),medianFee,averageDifficulty,paymentCount
2016-07-27,25231354.9531,34042,202315000.0,2.46,62645700.0,33052.34375,26.8256999035,17978,2.46,0.000475371309556,8.5461191616e+12,19589,
2016-07-28,20020879.4028,23447,128530000.0,1.56,40291300.0,33480.46875,21.7173534742,11376,1.716,0.00050868,6.34805580044e+12,14782,
2016-07-29,13195596.0082,18362,140887000.0,1.71,20745500.0,35176.875,19.6500413467,5555,2.61406696102,0.00063,6.95849468484e+12,8917,
2016-07-30,8009725.33899,15092,136213000.0,1.66,10061600.0,32699.53125,11.117137677,4385,2.7760873382,0.000441,7.51545963836e+12,8234,
2016-07-31,7253346.3474,16525,129265000.0,1.57,29167500.0,35503.75,12.607749391,4617,2.7887771683,0.000441,7.07762458279e+12,8627,
2016-08-01,12740991.275,20533,147548000.0,1.79,45924200.0,36351.875,14.495825735,5283,2.685,0.00044846,8.79108404309e+12,11109,
2016-08-02,19651020.0428,26061,194318000.0,2.36,147855000.0,37578.125,18.7776739282,8581,3.314193076,0.000441,1.21128399686e+13,14792,
2016-08-03,14944007.4831,28575,228712000.0,2.78,74184500.0,35055.0,21.5209123237,8670,3.1834163918,0.00042,1.49859282859e+13,16541,
2016-08-04,13938669.2614,23927,213375000.0,2.59,43516500.0,32255.625,17.9889128156,6915,3.0227272803,0.00042,1.26467068337e+13,14488,
2016-08-05,10963048.2184,18801,193412000.0,2.35,20254400.0,35111.5625,13.7970808781,5062,2.9850295725,0.00042,1.07307096148e+13,11096,
2016-08-06,11336422.2903,19205,213044000.0,2.59,22874700.0,36771.875,13.5784430224,4818,3.23840034616,0.00042,1.14980073905e+13,11313,
2016-08-07,12549032.5266,18929,222683000.0,2.7,31153900.0,34467.34375,12.4397919058,4951,3.651530571,0.00042,1.12543987727e+13,11036,
2016-08-08,25364799.7647,15872,178435000.0,2.16,15781200.0,35828.28125,12.3903560273,4529,3.084333498,0.00042,1.06751306198e+13,9311,
2016-08-09,13380525.3033,17414,179978000.0,2.17,23612300.0,31986.875,13.7183403438,5868,2.99862370514,0.00042,9.80353962402e+12,9927,
2016-08-10,33607783.9405,15786,160983000.0,1.94,20082200.0,33414.0625,11.542645509,4526,2.93955495716,0.000420916113555,8.44288239355e+12,8988,
2016-08-11,9766601.52953,16122,142268000.0,1.72,17263000.0,34447.1875,11.3354066707,4692,2.40749408124,0.000441,8.57422553143e+12,8744,
2016-08-12,13100349.8186,15467,152797000.0,1.84,15418800.0,33269.53125,10.4003020861,3907,2.6330425576,0.00042,9.57861376613e+12,9027,
2016-08-13,1867812.14282,14427,153918000.0,1.86,3822490.0,33361.5625,9.74120400256,3436,2.559024549,0.000440341936272,9.35860728235e+12,8012,
2016-08-14,4102968.43473,14922,154946000.0,1.87,6985300.0,33261.25,24.4133446356,3516,2.51043379736,0.00042,9.73162547372e+12,8611,
2016-08-15,4979300.10919,14922,159898000.0,1.93,7282060.0,33262.1875,9.91306561228,3662,2.66169096956,0.00042,9.99217197167e+12,8782,
2016-08-16,3876261.30501,17963,154786000.0,1.87,4062150.0,33623.4375,13.2951076501,4720,2.1280903501,0.000441,9.8875480963e+12,9714,
2016-08-17,3594860.11824,14460,154458000.0,1.86,5087980.0,33452.8125,9.6855644456,3727,2.61448101127,0.00042,9.90352641777e+12,8571,
2016-08-18,3942630.63201,12799,144697000.0,1.74,4469650.0,33878.4375,8.16487811713,3476,2.56659301689,0.00042,9.51195844491e+12,7606,
2016-08-19,3134742.53213,12560,139926000.0,1.68,6186480.0,34077.5,8.37700998914,3361,2.58272287598,0.00042,9.25401810072e+12,7182,
2016-08-20,2129817.56567,12964,147957000.0,1.78,3315060.0,35246.09375,8.53825856974,3404,2.71879428026,0.00042,9.25750924978e+12,7506,
2016-08-21,1418702.25548,12662,145110000.0,1.75,1866780.0,33357.34375,8.24494349212,3276,2.56828572361,0.00042,9.70088656127e+12,7347,
2016-08-22,9596853.68189,13503,143596000.0,1.73,4757220.0,33181.25,9.55948216087,3518,2.4439313657,0.000441,9.65179366551e+12,7760,
2016-08-23,5263771.30954,13933,139367000.0,1.67,6292880.0,33152.96875,9.33990499448,3609,2.288469136,0.00045697344,9.53099374214e+12,7839,
2016-08-24,5763296.8055,12890,133732000.0,1.61,6191350.0,32754.6875,8.89163437492,3415,2.38157328465,0.000441,9.09047781344e+12,7519,
2016-08-25,4695118.78278,12931,120071000.0,1.44,9500860.0,33195.78125,9.03404699238,3665,2.3012911872,0.000441,8.35624548459e+12,7535,
2016-08-26,5794452.57533,12362,114207000.0,1.37,6251250.0,32770.625,8.24544027371,3056,2.20703711589,0.0004581,8.51413849026e+12,7125,
2016-08-27,6678865.57889,11650,119989000.0,1.44,3494870.0,33052.65625,7.31959516239,3015,2.1307194131,0.00042,8.79764584108e+12,6853,
2016-08-28,3317223.95311,11708,112287000.0,1.35,4837510.0,32619.6875,7.45058709034,3147,1.96737053108,0.000441,8.51252309786e+12,6847,
2016-08-29,4341129.23459,11768,109994000.0,1.32,6289800.0,32892.65625,8.09737045277,3259,1.9140279048,0.000441,8.16724585801e+12,6689,
2016-08-30,6533758.33002,12860,105167000.0,1.26,6984970.0,33150.3125,9.76998073545,3878,1.80982600437,0.00052521,7.86699796736e+12,6875,
2016-08-31,5011092.09294,13091,103201000.0,1.24,6098980.0,32610.3125,9.32275601144,4112,1.85664709952,0.0004581,7.46456741731e+12,7093,
2016-09-01,15875364.9015,15357,99255000.0,1.19,13501800.0,34188.90625,11.6239862553,4506,1.81829671289,0.00052521,7.30114932356e+12,7989,
2016-09-02,6126096.46668,22958,121870000.0,1.46,6325890.0,33787.5,24.8058422257,3609,1.33451199285,0.00066446,8.06158292567e+12,8382,
2016-09-03,9062834.98962,12484,116853000.0,1.4,4659540.0,32461.40625,8.19793091832,3120,1.98838646204,0.00044855,7.81181258485e+12,7085,
2016-09-04,4129116.93728,12763,112345000.0,1.34,3690740.0,33774.53125,8.92353716438,3057,1.8955849431,0.000483,7.65231684593e+12,7183,
2016-09-05,14500752.2269,13993,122418000.0,1.46,4621750.0,33558.59375,9.36939327965,3320,1.9806850998,0.000423590347866,8.39514372667e+12,8030,
2016-09-06,2493994.59663,14696,121876000.0,1.46,2566580.0,32971.40625,9.43950047066,4223,2.1827550058,0.000446308747353,8.55551095617e+12,8823,
2016-09-07,6083830.89177,18314,122689000.0,1.47,2868960.0,33533.75,12.1826728811,6675,2.09055111773,0.000463343999958,8.56720721121e+12,9945,
2016-09-08,4423955.97996,16044,123795000.0,1.48,2554920.0,33389.0625,11.1667788276,4099,1.76842743644,0.00060506,8.67576031711e+12,8947,
2016-09-09,1700233.04935,15051,119154000.0,1.42,2336300.0,33401.40625,9.91516777282,3550,1.80322455474,0.000442747241664,8.38993226428e+12,8630,
2016-09-10,2496997.07165,12796,117067000.0,1.4,1485050.0,33043.90625,8.27238783652,2998,1.69821745556,0.00053912,8.43177174687e+12,7504,
2016-09-11,3905757.07845,14402,118754000.0,1.42,4152550.0,32813.90625,9.67886689449,3229,1.7870880127,0.00063,8.25634961423e+12,8401,
2016-09-12,1737873.61374,14818,112052000.0,1.34,1735650.0,32936.09375,10.7994536308,3050,1.56578980776,0.00063,7.95126485769e+12,8364,
2016-09-13,1536615.0105,14324,111010000.0,1.32,1627740.0,33528.59375,9.8010423068,3192,1.58122858494,0.00063,7.75358369637e+12,8289,
2016-09-14,1360210.93913,14151,107907000.0,1.29,1593070.0,33727.34375,9.29924322552,3063,1.57865538198,0.00060238,7.70986711709e+12,8209,
2016-09-15,1402883.6088,14375,108413000.0,1.29,1366170.0,33774.21875,9.81620633223,3003,1.6032942504,0.00063,7.81210621542e+12,8275,
2016-09-16,1393475.6456,14773,107390000.0,1.28,1873990.0,33644.375,10.2079734253,3211,1.5461953792,0.00063,7.73290900512e+12,8705,
2016-09-17,832329.550946,14457,111151000.0,1.32,1030080.0,33855.3125,10.2155618852,2973,1.58217339456,0.00060506,7.78065958194e+12,8284,
2016-09-18,625005.961777,13359,111199000.0,1.32,1962480.0,34278.4375,8.74984765735,2871,1.67400195809,0.00063,7.8612054736e+12,7946,
2016-09-19,1647228.59656,13775,111304000.0,1.32,1355970.0,32537.96875,8.70844566022,2955,1.52740890324,0.00055902,8.19100875842e+12,8124,
2016-09-20,2551492.91969,13473,107214000.0,1.27,2456390.0,32528.90625,9.12160375573,3285,1.50012580213,0.00063,6.98558479196e+12,7821,
2016-09-21,2602611.80459,14482,104107000.0,1.24,2655260.0,33369.375,9.60487143773,3363,1.37903260184,0.000487032,6.969410931e+12,9033,
2016-09-22,4834872.51399,15007,102704000.0,1.22,6841360.0,33909.0625,10.1602801432,3059,1.349961049,0.00063,7.36261445896e+12,8522,
2016-09-23,882151.859112,13420,105422000.0,1.25,1704280.0,32166.875,8.83259414351,2719,1.43697157438,0.00063,7.93819802586e+12,8035,
2016-09-24,1054429.29182,11055,104666000.0,1.24,876236.0,31956.5625,7.2090867428,2587,1.47585637429,0.00063,7.44579831112e+12,6572,
2016-09-25,732896.094357,12710,105492000.0,1.25,972037.0,33767.8125,8.52774287221,2552,1.44519095909,0.00060238,7.23041840895e+12,7393,
2016-09-26,1224239.74488,12504,102099000.0,1.21,1228960.0,32837.1875,8.40547536929,2656,1.3867430423,0.00063,7.71937644665e+12,7468,
2016-09-27,5343079.31251,12476,101088000.0,1.2,1938500.0,32200.15625,8.29242966355,2805,1.43420931556,0.00063,7.30443985558e+12,7357,
2016-09-28,3319632.7645,12400,101396000.0,1.2,2066680.0,33248.59375,8.44684937838,2725,1.45112898,0.00063,7.52881117364e+12,7215,
2016-09-29,811190.841327,12649,105121000.0,1.25,1282790.0,33473.75,8.75135836443,2568,1.450040275,0.00063,7.82034296055e+12,7335,
2016-09-30,1763242.23856,13706,107096000.0,1.27,745522.0,32838.28125,9.48030050046,2722,1.441836715,0.00063,7.84011312501e+12,7962,
2016-10-01,2756455.05595,12775,106140000.0,1.26,2443730.0,32817.34375,8.57550220318,2545,1.46776658868,0.00063,7.59869927768e+12,7407,
2016-10-02,758974.016427,14339,100731000.0,1.19,983089.0,33124.6875,9.79310273534,2708,1.3225462341,0.00063,7.48283465077e+12,8187,
2016-10-03,959756.350613,14134,100887000.0,1.19,1573360.0,34007.03125,9.54517571372,2496,1.29622741584,0.00063,7.37177573744e+12,8276,
2016-10-04,646160.069448,14369,100983000.0,1.19,1142370.0,33687.65625,10.1999018901,2582,1.27884721832,0.00063,7.59820853283e+12,8523,
2016-10-05,2686502.91286,15381,98217700.0,1.16,1992410.0,33605.0,10.1848884805,2692,1.2383585684,0.00063,7.49562677088e+12,9183,
2016-10-06,1519742.11834,15255,100554000.0,1.19,1017020.0,33341.09375,7.97922138861,2774,1.3139455805,0.00042,8.06563167934e+12,8980,
2016-10-07,914621.967983,14490,99343800.0,1.17,1012830.0,31887.5,7.84585330312,2755,1.28069974827,0.00042,8.02413780203e+12,8573,
2016-10-08,1277259.35515,14044,99103100.0,1.17,988691.0,33102.03125,7.36226600704,2557,1.3016988387,0.00042,7.58042655702e+12,8360,
2016-10-09,1871282.22251,14199,100236000.0,1.18,397777.0,32941.09375,7.42762436649,2499,1.28768415208,0.00042,8.19025420231e+12,8414,
2016-10-10,2831127.83851,14272,99081600.0,1.17,1148440.0,32837.03125,7.79203941008,2634,1.28657652961,0.00042,8.49846092493e+12,8394,
2016-10-11,3131315.38095,14022,97634800.0,1.15,2255700.0,31770.78125,8.69062159419,2715,1.256179638,0.000441,8.55479900493e+12,8743,
2016-10-12,4901952.19937,17065,93070700.0,1.1,2752650.0,33465.3125,29.8032578229,2407,0.603845,0.0005826,7.02576332381e+12,7743,
2016-10-13,1485512.80166,27590,87844800.0,1.04,1430120.0,35628.4375,79.8058415914,2674,0.0,0.0020630883924,6.75348266015e+12,9830,
2016-10-14,2556822.22938,22375,85829400.0,1.01,928586.0,31961.25,39.0055062064,2731,1.01231005373,0.00060238,7.39066064727e+12,9357,
2016-10-15,753155.36058,16774,84120800.0,0.990989,574708.0,32917.03125,16.1277638467,2702,1.07950474868,0.0005826,7.67345964009e+12,8528,
2016-10-16,1305479.85846,17876,84301800.0,0.992743,3374640.0,33162.8125,19.8762925699,3338,1.07288964664,0.0005826,7.90435156264e+12,8950,
2016-10-17,5112917.61983,19971,101983000.0,1.2,3167420.0,32478.28125,22.0000008655,3738,1.27995320041,0.0005826,8.47968307537e+12,9907,
2016-10-18,1165265.00831,18346,91309400.0,1.07,1721510.0,31914.84375,19.3091776524,3080,1.19283839138,0.0004581,7.78191440507e+12,9570,
2016-10-19,4072445.14408,19459,89893500.0,1.06,1033890.0,33458.59375,54.3437947558,3092,1.1117442392,0.00058532,7.49660570257e+12,8888,
2016-10-20,1484502.0727,21527,89675000.0,1.05,715948.0,34612.34375,29.2178826189,4812,1.2013975785,0.000525576640673,7.94411130765e+12,11809,
2016-10-21,6398786.05608,19779,88668400.0,1.04,787404.0,31498.75,11.9860130985,4388,1.46267897209,0.000533531829733,8.72435475435e+12,10465,
2016-10-22,1587100.59358,16538,87678400.0,1.03,1046830.0,31888.59375,9.02250931812,3014,1.243731901,0.00042,8.91187300494e+12,9462,
2016-10-23,1246684.25497,17267,89059000.0,1.05,548805.0,31785.0,9.26888254823,4761,1.26468746389,0.00042,8.91217413066e+12,9231,
2016-10-24,625305.631562,15828,89121900.0,1.05,613841.0,32433.75,8.86510723503,2972,1.48965891246,0.00042,8.71554550583e+12,9255,
2016-10-25,2528808.58175,14611,87706100.0,1.03,1434440.0,32102.5,8.35930129033,3052,1.52211870862,0.00042,9.10662003188e+12,8821,
2016-10-26,708761.756639,16890,86814900.0,1.02,798289.0,32604.84375,9.60569460138,2972,1.2809364459,0.00042,9.27745988214e+12,9852,
2016-10-27,3229269.73055,17287,87960500.0,1.03,2343270.0,31939.0625,9.46490935531,3041,1.13173800918,0.00042,9.24756580005e+12,10022,
2016-10-28,1270113.0041,16443,84921800.0,0.995573,1298910.0,31744.21875,9.34422564436,3037,1.13495322,0.00042,8.6802633742e+12,9435,
2016-10-29,5612968.43372,14134,80282600.0,0.94084,2566530.0,30793.75,7.83155878943,2756,1.08654175652,0.00042,7.32614612949e+12,8149,
2016-10-30,2596847.14459,12902,75987400.0,0.890189,1311260.0,32695.9375,7.99165900316,2386,1.0511577731,0.00042,6.39421071952e+12,7477,
2016-10-31,837179.371223,15439,79453400.0,0.93045,878220.0,32421.5625,9.39435800051,2490,1.00494058634,0.00042,6.61415516021e+12,9005,
2016-11-01,782427.309683,15341,76991000.0,0.901279,1320260.0,30839.21875,10.4669369292,4385,0.939222412249,0.000441,5.76662801541e+12,9058,
2016-11-02,671227.657887,12253,75639700.0,0.88515,677927.0,32695.78125,8.17024045249,2166,0.954472097817,0.00056388,5.05597715766e+12,6144,
2016-11-03,592356.480866,10383,75896300.0,0.887828,1340080.0,32259.6875,7.87248486812,1935,0.989442063144,0.00042,4.5535148657e+12,5573,
2016-11-04,926636.189158,9460,76454000.0,0.894031,2084100.0,32921.875,5.56596064829,1699,1.11670413163,0.00042,4.32578973608e+12,5530,
2016-11-05,1856292.13858,11161,83072800.0,0.971074,1950000.0,34138.90625,6.05928934546,1887,1.29551775946,0.00042,4.53830521413e+12,6690,
2016-11-06,4694984.68947,10524,89079700.0,1.04,1078790.0,32855.3125,5.83893597158,1893,1.2482135597,0.00042,4.65462242935e+12,6267,
2016-11-07,772846.039848,11970,84474700.0,0.986716,1030590.0,34029.375,6.58370993394,2203,1.15605135936,0.00042,5.22855021335e+12,7062,
2016-11-08,580860.711777,11646,79709100.0,0.930693,573276.0,33394.0625,6.87940852867,2271,1.12865748318,0.00042,5.82553465086e+12,6747,
2016-11-09,702327.144178,10835,80626200.0,0.941046,976848.0,31588.4375,6.19498696626,2109,1.24716385004,0.00042,5.84784181667e+12,6293,
2016-11-10,455286.348736,10309,78301200.0,0.913579,626060.0,32754.53125,5.99291778349,1808,1.12186057471,0.00042,5.3409273995e+12,6143,
2016-11-11,737402.288275,10493,79151900.0,0.923158,487773.0,32637.96875,6.69012643069,1892,1.08632334272,0.00042,5.30762005754e+12,5901,
2016-11-12,714794.215179,11355,78675200.0,0.917254,727877.0,34880.78125,6.42878287876,1752,1.16766291108,0.00042,5.4298699031e+12,6782,
2016-11-13,516345.053965,12278,78130300.0,0.910538,475268.0,35323.4375,7.3203365532,2033,1.1717085384,0.00042,5.72901662275e+12,7277,
2016-11-14,454144.354659,11382,77279300.0,0.900257,272128.0,36685.0,6.58883107277,1963,1.1771356955,0.00042,5.90101295072e+12,6662,
2016-11-15,1033168.42465,11755,76561200.0,0.891515,671820.0,36731.09375,6.68811543896,2083,1.10776377582,0.00042,6.02519642591e+12,6897,
2016-11-16,989548.627941,11079,79516300.0,0.925537,952217.0,33557.65625,6.41600452685,2473,1.03443788311,0.00042,6.17504917642e+12,6706,
2016-11-17,5382281.2394,11080,78162800.0,0.909435,479144.0,32960.0,7.33245159929,2327,1.02622824508,0.00042,6.51160083123e+12,6442,
2016-11-18,1170275.38698,10672,76751400.0,0.892677,545120.0,34228.75,6.58660920172,2096,1.02304491824,0.00042,6.47049837835e+12,6126,
2016-11-19,590159.099827,9794,74779900.0,0.869411,377116.0,34296.09375,5.61064587719,1777,0.966804962168,0.00042,6.46549765474e+12,5784,
2016-11-20,435189.699081,10029,74089000.0,0.86104,383441.0,33827.8125,7.37424105652,1849,0.964199841957,0.00042,7.37647167907e+12,5722,
2016-11-21,1660417.7223,10779,73912300.0,0.858654,273020.0,32405.9375,6.37953770205,1921,0.955691888146,0.00042,7.33767693279e+12,6215,
2016-11-22,395841.019549,10808,73223900.0,0.850341,440341.0,31728.90625,6.64600940861,1881,0.944831006716,0.00042,6.68215530786e+12,6291,
2016-11-23,796337.776516,7684,72179000.0,0.837902,742687.0,32272.5,4.13966388997,1808,0.875285134584,0.00042,6.31059465678e+12,6125,
2016-11-24,645763.518565,9208,70293700.0,0.815735,1100000.0,32431.40625,7.09722542659,1924,0.847421339804,0.000539513525221,5.79713525369e+12,5552,
2016-11-25,329479.853451,14358,66544000.0,0.771917,1354540.0,32715.15625,5.94853647627,6780,0.772834310468,0.00042,5.60910490055e+12,8362,
2016-11-26,2276935.73415,9268,72456000.0,0.840183,445946.0,32223.90625,5.57290995714,1556,0.938784108873,0.00042,5.89310195906e+12,5428,
2016-11-27,307638.115381,9018,67442700.0,0.781763,270799.0,32477.5,5.69437283826,1432,0.853713279282,0.00042,5.70791826359e+12,5280,
2016-11-28,458792.946391,10218,67087300.0,0.777354,267367.0,32429.0625,6.7637394288,1599,0.834258983011,0.00042,5.8818292968e+12,5922,
2016-11-29,728495.716178,9934,65578800.0,0.759591,796887.0,32791.71875,5.82589000485,1624,0.840610705627,0.00042,6.07135313906e+12,5860,
2016-11-30,472389.952869,9878,64612500.0,0.748118,382146.0,32019.84375,5.7349335641,1566,0.811076064439,0.00042,6.15784104424e+12,5832,
2016-12-01,1782229.91654,10733,64580700.0,0.747475,413683.0,32947.34375,6.31818953615,1538,0.819978236315,0.00042,6.24699180535e+12,6217,
2016-12-02,1720302.2508,11725,66309800.0,0.767199,1205640.0,32893.125,6.52981026399,2426,0.919213753616,0.00042,6.51262368476e+12,6826,
2016-12-03,1136468.72034,13001,69364500.0,0.80224,396889.0,33027.5,7.19328737659,1808,0.855369120263,0.00042,7.20675929062e+12,7501,
2016-12-04,274180.849598,11533,66820700.0,0.772527,556114.0,32364.0625,6.20034279883,1652,0.901509985161,0.00042,7.38116138453e+12,7404,
2016-12-05,2823197.66065,14047,66510700.0,0.768666,1459110.0,33769.84375,9.70028011661,2582,0.891887633436,0.00042,7.48501388891e+12,8388,
2016-12-06,2618042.21423,16219,72693900.0,0.839794,1518070.0,32470.9375,10.2705353838,2443,0.888761727282,0.00042,8.44191851124e+12,9423,
2016-12-07,950031.394424,12956,67732800.0,0.78219,582894.0,32145.3125,8.83637705188,2068,0.827391599354,0.00042,7.49282635136e+12,8279,
2016-12-08,501698.629093,13000,71428700.0,0.824569,528148.0,32620.0,7.95123877873,1782,0.879186872417,0.00042,7.21165293202e+12,7514,
2016-12-09,1309610.90596,13435,70873700.0,0.817856,579338.0,32869.53125,7.47462207376,1826,0.873131157617,0.00042,7.40267998315e+12,7745,
2016-12-10,1256338.35906,15493,70176700.0,0.809507,547454.0,33557.5,8.51311730461,1910,0.846579763169,0.00042,7.96534467925e+12,8959,
2016-12-11,1271281.14312,16390,74443900.0,0.8584,1751520.0,33476.09375,9.21942410092,2247,0.895328707068,0.00042,9.16267045256e+12,9425,
2016-12-12,1527078.66753,16491,80707700.0,0.93027,1153900.0,32369.375,9.5988991392,2208,0.960149993319,0.00042,9.17195281954e+12,9408,
2016-12-13,710874.308593,15958,78969100.0,0.909894,1507660.0,32897.96875,9.72505929847,2172,0.940054916348,0.00042,9.20921791624e+12,9084,
2016-12-14,1110048.05246,18667,85382100.0,0.983412,1119820.0,33275.3125,10.8011189066,2632,1.01391591595,0.00042,9.62368408066e+12,10652,
2016-12-15,2070914.3058,21105,86222800.0,0.992717,3175330.0,33964.0625,12.4756412522,3175,1.02489735251,0.00042,1.08497109335e+13,12560,
2016-12-16,979164.460074,22883,94032300.0,1.08,1463920.0,33477.5,13.2630198807,3093,1.1030454396,0.00042,1.16579417762e+13,13350,
2016-12-17,1021919.76837,20047,92896500.0,1.07,1410390.0,33215.15625,11.2560157926,2792,1.09151128,0.00042,1.16911174785e+13,11700,
2016-12-18,409076.235462,18831,87709900.0,1.01,632975.0,33457.03125,10.5853299647,2617,1.0306432284,0.00042,1.18913170284e+13,10899,
2016-12-19,2068089.97563,20931,92384900.0,1.06,3140940.0,34109.84375,13.4076088423,3036,1.08139042135,0.00042,1.32500383393e+13,12324,
2016-12-20,2675491.42053,21387,104095000.0,1.2,2311760.0,33201.71875,22.2625835746,3474,1.213962096,0.00060752,1.43033009177e+13,11997,
2016-12-21,1465224.99027,18602,98977000.0,1.14,2182690.0,32104.6875,19.4728150271,3022,1.1599720476,0.00042,1.33942670809e+13,10578,
2016-12-22,3091462.01436,16722,99217600.0,1.14,2408530.0,32260.46875,11.6559793174,2858,1.16241207798,0.00042,1.30837336718e+13,9592,
2016-12-23,3509579.89775,14405,95854800.0,1.1,4006640.0,31753.4375,8.08187922398,2406,1.13785125257,0.00042,1.17447008984e+13,8568,
2016-12-24,4029483.51745,15234,91254200.0,1.05,1701720.0,33010.9375,8.46756766312,2406,1.0984980316,0.00042,1.13443590304e+13,9008,
2016-12-25,983641.887806,15458,97352300.0,1.12,1115620.0,32402.96875,8.75002530776,2108,1.13922002239,0.00042,1.20383352324e+13,8563,
2016-12-26,828416.129109,15568,93483900.0,1.07,706717.0,32160.15625,8.46499689666,2204,1.1072806832,0.00042,1.15025237527e+13,9211,
2016-12-27,1581969.15445,15676,91042200.0,1.04,838558.0,32369.84375,11.4771162197,2323,1.08335334962,0.00042,1.13217368705e+13,9163,
2016-12-28,1860956.84468,15450,91838000.0,1.05,1532120.0,32284.21875,8.42881023556,2484,1.10395797394,0.00042,1.11915863842e+13,9075,
2016-12-29,5607689.0647,18000,97111000.0,1.11,8164640.0,33967.96875,10.3565126832,3341,1.16831954083,0.00042,1.19837843883e+13,10757,
2016-12-30,6718984.21921,20408,124970000.0,1.43,9605480.0,33471.875,10.9882713604,3441,1.47552015642,0.00042,1.43169094706e+13,11926,
2016-12-31,8280333.33425,17825,135389000.0,1.55,3908650.0,32243.90625,9.55283074357,2959,1.59552418445,0.00042,1.4172871848e+13,10522,
2017-01-01,1554802.93108,16152,123453000.0,1.41,3570370.0,32678.28125,8.78577206862,2660,1.44853170839,0.00042,1.36506660398e+13,9461,
2017-01-02,1913574.58226,16930,122159000.0,1.4,3098340.0,33010.15625,9.12687020575,2678,1.44988774684,0.00042,1.34791531698e+13,9974,
2017-01-03,3485799.79029,17470,125771000.0,1.44,5508620.0,32301.40625,9.4215581986,2962,1.49537399338,0.00042,1.33461296283e+13,10463,
2017-01-04,4841149.5756,18135,130536000.0,1.49,7173020.0,33898.28125,10.0166438855,3073,1.54271692128,0.00042,1.29288974151e+13,10760,
2017-01-05,5065965.99751,18727,154605000.0,1.77,7339060.0,32931.875,10.1145324024,3135,1.84385959744,0.00042,1.40135405054e+13,11550,
2017-01-06,3905595.57842,17886,142529000.0,1.63,3402610.0,32394.53125,9.56592996683,2970,1.67923466977,0.00042,1.37965843413e+13,10457,
2017-01-07,2583843.33866,17191,132231000.0,1.51,3523930.0,33308.75,9.14382036073,2632,1.56468127469,0.00042,1.34809497862e+13,10406,
2017-01-08,852374.945096,17744,126377000.0,1.44,1085530.0,32639.84375,9.41623521776,2586,1.47434899807,0.00042,1.35691907957e+13,11347,
2017-01-09,1348445.4971,18958,127367000.0,1.45,1833120.0,32738.59375,10.1194489221,2639,1.48825735384,0.00042,1.3386520254e+13,11432,
2017-01-10,6700823.25599,18895,123839000.0,1.41,1161360.0,32351.25,10.3881294929,2824,1.45064404383,0.00042,1.35808221285e+13,11157,
2017-01-11,4073378.22522,15949,125722000.0,1.43,3176450.0,32078.75,8.45710681626,2694,1.4952631551,0.00042,1.29059304722e+13,10649,
2017-01-12,2162864.91691,28083,103032000.0,1.17,1906150.0,32298.59375,8.69743345811,8316,1.1696361417,0.00042,1.25163773754e+13,9668,
2017-01-13,1032938.19474,19107,106440000.0,1.21,1510150.0,32537.96875,8.84410478268,3864,1.2261169096,0.00042,1.28379179101e+13,10436,
2017-01-14,441107.783566,17553,106020000.0,1.21,574209.0,32026.40625,9.26197909339,2513,1.24424912361,0.00042,1.2865608585e+13,10079,
2017-01-15,527083.401617,16764,105800000.0,1.2,748170.0,31638.28125,8.97401354808,2342,1.237344102,0.00042,1.2720213383e+13,9910,
2017-01-16,1769385.54129,17274,104251000.0,1.19,368937.0,31619.84375,9.34001786883,2350,1.22036004287,0.00042,1.28554196942e+13,9963,
2017-01-17,1284083.08033,17722,103624000.0,1.18,1531790.0,31458.90625,10.2493290954,2843,1.20995831525,0.00042,1.26969118013e+13,10378,
2017-01-18,1083524.02941,18089,106445000.0,1.21,984448.0,31568.28125,8.87448171169,3586,1.23152649329,0.00042,1.22762758351e+13,9595,
2017-01-19,1361770.16205,18785,105903000.0,1.2,686642.0,32231.25,13.2544364216,3262,1.22197092601,0.00042,1.25130751736e+13,9891,
2017-01-20,1885006.58318,19564,103069000.0,1.17,4968780.0,32512.96875,9.0715326568,4149,1.1902572513,0.00042,1.26711872637e+13,10125,
2017-01-21,1587546.83516,19831,118279000.0,1.34,3094200.0,32157.03125,9.81874268208,3322,1.36839833678,0.00042,1.4050929256e+13,10992,
2017-01-22,1679254.52449,19672,124520000.0,1.41,1770900.0,31874.6875,10.0001056807,2843,1.44345183405,0.00042,1.39747605365e+13,11183,
2017-01-23,2146790.73813,19657,122297000.0,1.39,797981.0,32111.40625,10.0762441661,2699,1.42343635427,0.00042,1.41774944729e+13,11300,
2017-01-24,833656.809543,20092,122697000.0,1.39,921969.0,32248.4375,10.296140049,2698,1.41977634852,0.00042,1.43174090419e+13,11655,
2017-01-25,1486119.45296,19997,119962000.0,1.36,1373550.0,32316.40625,10.1544021509,2672,1.38811198764,0.00042,1.43617586899e+13,11593,
2017-01-26,719694.733501,18376,113854000.0,1.29,948543.0,32192.1875,9.33530649805,2539,1.31676722493,0.00042,1.41298844453e+13,10662,
2017-01-27,1203783.23539,17351,117575000.0,1.33,1341760.0,31166.40625,8.81619265887,2478,1.35733129088,0.00042,1.43117819746e+13,10097,
2017-01-28,548064.258931,16353,113059000.0,1.28,513562.0,31082.34375,8.30117298069,2336,1.307180032,0.00042,1.40289864885e+13,9485,
2017-01-29,471288.460818,16154,115225000.0,1.3,308654.0,30941.09375,8.25922033751,2326,1.32725896507,0.00042,1.40886846802e+13,9358,
2017-01-30,818833.443711,15920,114748000.0,1.3,564097.0,31231.40625,8.23155238788,2401,1.3262833025,0.00042,1.39120427538e+13,9158,
2017-01-31,976354.120093,15993,119181000.0,1.35,1080040.0,31283.125,8.12748798707,2430,1.38759592492,0.00042,1.46120476233e+13,9616,
2017-02-01,858348.170712,16840,120212000.0,1.36,738198.0,31076.09375,8.62313036985,2413,1.38808062242,0.00042,1.4439400958e+13,9717,
2017-02-02,567881.167758,16877,119811000.0,1.35,486080.0,31089.53125,8.6439541185,2424,1.37567992369,0.00042,1.45102242385e+13,9878,
2017-02-03,967496.724518,17186,120305000.0,1.36,985487.0,31502.5,9.07773488774,2456,1.39205833549,0.00042,1.4090209636e+13,10059,
2017-02-04,710150.257637,16818,120607000.0,1.36,888228.0,31574.21875,8.51989571344,2388,1.390941428,0.00042,1.39267483511e+13,9909,
2017-02-05,599560.603488,16046,123124000.0,1.39,734278.0,31684.53125,8.05549041735,2379,1.42223718758,0.00042,1.43345884526e+13,10072,
2017-02-06,1932150.81883,18188,123057000.0,1.39,2217650.0,32457.5,9.38074093326,2766,1.4336581064,0.00042,1.51822227048e+13,10914,
2017-02-07,2073504.73569,19736,130982000.0,1.48,1381580.0,31653.28125,10.4746437073,2758,1.51233260197,0.00042,1.5358105278e+13,11464,
2017-02-08,2030182.18218,19750,130979000.0,1.48,1227740.0,32129.6875,10.3789043424,2774,1.5109039628,0.00042,1.51670239371e+13,11457,
2017-02-09,3775130.01997,21373,129031000.0,1.46,4496600.0,31035.78125,10.705493594,3448,1.4874241728,0.00042,1.47334325494e+13,12125,
2017-02-10,5282285.77078,19840,113045000.0,1.27,1814640.0,31612.1875,10.2064255818,2800,1.29862667494,0.00042,1.40216566911e+13,11438,
2017-02-11,2213942.25184,20300,111538000.0,1.26,1627780.0,31726.5625,10.4407409456,2585,1.28558661262,0.00042,1.38650042409e+13,11642,
2017-02-12,5741323.3431,20467,109633000.0,1.24,1574630.0,31499.84375,10.7095249639,2715,1.26752731597,0.00042,1.35993443929e+13,11789,
2017-02-13,4700883.79256,21286,108925000.0,1.23,1459080.0,31964.84375,10.9523060072,2915,1.25590062794,0.00042,1.34796583953e+13,12239,
2017-02-14,2813977.26179,21924,106179000.0,1.2,1588940.0,31624.6875,11.3246949968,2807,1.22241870599,0.00042,1.33482382938e+13,12335,
2017-02-15,1797898.972,21094,110928000.0,1.25,1164420.0,32185.46875,10.9147865225,2673,1.27404691994,0.00042,1.30155062655e+13,11799,
2017-02-16,2211083.47698,20833,112162000.0,1.26,1067180.0,31729.0625,10.7400221328,2561,1.28542379197,0.00042,1.31617681149e+13,11619,
2017-02-17,1461741.36379,21042,109732000.0,1.23,781116.0,32285.46875,10.8914413151,2486,1.25377845404,0.00042,1.30433932187e+13,11644,
2017-02-18,1128135.20642,21090,109624000.0,1.23,1130150.0,32144.0625,10.9687210588,2520,1.25206035233,0.00042,1.29294334709e+13,11624,
2017-02-19,1315002.32985,21186,108590000.0,1.22,642421.0,31712.34375,10.8682707688,2526,1.24426617611,0.00042,1.32287825543e+13,11764,
2017-02-20,881216.200331,21555,108897000.0,1.22,609461.0,31764.375,11.1093637612,2485,1.241843734,0.00042,1.33321320876e+13,11835,
2017-02-21,1729783.12756,18222,108797000.0,1.22,1034130.0,31940.15625,9.09298814434,2595,1.24581017623,0.00042,1.36459173729e+13,11840,
2017-02-22,3259867.53345,22106,110732000.0,1.24,1014370.0,31908.90625,11.5525224265,2633,1.26163775806,0.00042,1.36601641277e+13,12138,
2017-02-23,1879126.50854,22479,108040000.0,1.21,1254060.0,31950.0,11.5706801743,2697,1.23213367322,0.00042,1.35982191322e+13,12382,
2017-02-24,3182103.66085,22082,109710000.0,1.23,2141280.0,31741.875,11.5107751946,2726,1.25931157142,0.00042,1.3320181854e+13,12433,
2017-02-25,1735068.46283,21229,107563000.0,1.21,1337270.0,31980.625,11.3491566353,2630,1.23412027898,0.00042,1.32797929077e+13,11677,
2017-02-26,2549308.93332,21259,108135000.0,1.21,1486190.0,32132.03125,10.9772058082,2625,1.2341690603,0.00042,1.33186413663e+13,11643,
2017-02-27,1516913.07121,21323,111240000.0,1.25,1284690.0,31577.96875,11.0435259686,2612,1.275126625,0.00042,1.30862803881e+13,11604,
2017-02-28,2571449.79115,21161,110317000.0,1.24,1444190.0,32092.03125,10.9937767977,2708,1.2648965092,0.00042,1.22299380573e+13,11562,
2017-03-01,2732415.48823,21675,110412000.0,1.24,4561930.0,32502.65625,11.0674854257,3383,1.2625713596,0.00042,1.23226232926e+13,11642,
2017-03-02,3761890.65122,22199,124927000.0,1.4,3776100.0,31342.5,10.7719353377,4988,1.43106336278,0.00042,1.20242058113e+13,12046,
2017-03-03,5938661.60105,20151,122017000.0,1.37,4159960.0,32142.8125,10.1442736569,3194,1.41401407544,0.00042,1.1629938261e+13,11161,
2017-03-04,4780458.54256,21310,128748000.0,1.44,2412650.0,32266.875,11.0823248101,2806,1.48379280966,0.00042,1.17546359651e+13,11383,
2017-03-05,2773224.09153,20562,128238000.0,1.43,1580650.0,31561.09375,10.6125340985,2480,1.46873457445,0.00042,1.23437848299e+13,10885,
2017-03-06,2730541.77765,19652,125032000.0,1.4,1172880.0,31675.46875,8.94161364158,4729,1.43581914197,0.00042,1.21761224351e+13,12191,
2017-03-07,5945284.09411,21546,128228000.0,1.43,2220840.0,31839.6875,11.1167344005,2654,1.46605074729,0.00042,1.22721859622e+13,11301,
2017-03-08,3145334.88055,21193,122982000.0,1.37,1960780.0,32312.96875,11.1289354395,2669,1.4061083913,0.00042,1.30114339042e+13,11290,
2017-03-09,4222576.37528,20726,115319000.0,1.29,1248670.0,31394.53125,10.6910178305,2661,1.3241080724,0.00042,1.31396450231e+13,11072,
2017-03-10,2787058.74115,21691,118799000.0,1.33,4351910.0,32039.0625,12.3094392717,3299,1.36624246174,0.00042,1.26843548942e+13,12111,
2017-03-11,1601810.10163,21248,116335000.0,1.3,1985600.0,31926.875,27.8044980448,2659,1.33697944078,0.00042,1.20658393441e+13,11353,
2017-03-12,3362812.67585,21715,124142000.0,1.39,3137590.0,32590.0,11.3331576684,2778,1.43261868778,0.00042,1.22383522806e+13,11665,
2017-03-13,10683631.2403,19988,127735000.0,1.42,9504840.0,30674.53125,10.4306913292,3126,1.46682107757,0.00042,1.19128768238e+13,10850,
2017-03-14,4875222.34698,19815,148130000.0,1.65,9565220.0,30024.0625,10.2734173767,2847,1.705652355,0.00042,1.13649461704e+13,10789,
2017-03-15,7065112.23643,20327,148644000.0,1.66,5906800.0,30455.625,44.2547962979,2918,1.717730567,0.00042,1.12976808409e+13,11058,
2017-03-16,11572054.5512,20721,162466000.0,1.81,19379700.0,29468.59375,13.9717579374,3770,1.88107593368,0.00042,1.07451706837e+13,11596,
2017-03-17,19576696.3551,22700,187614000.0,2.09,20132500.0,29808.4375,13.8394178205,3781,2.18053242511,0.00042,9.19648519951e+12,13005,
2017-03-18,9970468.10108,20011,171119000.0,1.91,9267590.0,30873.90625,10.4133164589,2950,1.99825026968,0.00042,9.31677436207e+12,11457,
2017-03-19,7706966.2098,20372,153490000.0,1.71,6790520.0,30171.71875,10.9620542906,2774,1.77140495104,0.00042,9.57383512968e+12,11354,
2017-03-20,6233127.78243,19976,173892000.0,1.93,6100770.0,29859.6875,10.6288592126,2694,1.9918096088,0.00042,9.53095941388e+12,11002,
2017-03-21,8572785.74633,21329,175087000.0,1.95,21455000.0,31623.28125,11.1400959387,3434,2.02924870704,0.00042,9.93744146538e+12,12155,
2017-03-22,13575318.8096,23226,218160000.0,2.43,18969200.0,30919.21875,13.0651779629,3991,2.5356396087,0.00042,1.27513579315e+13,13214,
2017-03-23,4007813.4459,21245,215468000.0,2.39,7279450.0,30528.4375,12.6144232168,3647,2.46926185825,0.00042,1.16191949705e+13,11852,
2017-03-24,11934950.5309,21740,206033000.0,2.29,12123700.0,30482.1875,20.0848113984,3529,2.37848824642,0.00042,1.12330063474e+13,12100,
2017-03-25,6013975.00756,21002,218022000.0,2.42,7542960.0,30251.09375,11.1208504236,3162,2.50195574338,0.00042,1.08676476935e+13,11573,
2017-03-26,3323659.05428,21130,205706000.0,2.28,4810060.0,30502.96875,10.9787155294,2952,2.35513374551,0.00042,1.05742271403e+13,11456,
2017-03-27,8520703.61814,21658,212515000.0,2.36,7221650.0,30000.625,12.9367304845,3266,2.42921287054,0.000441,1.06247349417e+13,11456,
2017-03-28,7212440.20166,21931,192717000.0,2.14,7125770.0,30524.0625,11.4767722879,3122,2.203514665,0.00042,1.04582854733e+13,11837,
2017-03-29,4333248.0125,21851,204442000.0,2.27,5549740.0,30904.84375,11.4996751756,3069,2.3374550703,0.00042,1.06375070313e+13,11915,
2017-03-30,8402622.39756,22001,209841000.0,2.33,19426400.0,30923.59375,11.3984492349,3506,2.4025846959,0.00042,1.09588290736e+13,12127,
2017-03-31,15106466.0445,25701,252768000.0,2.8,24881200.0,32158.28125,13.3837462091,4506,2.886054024,0.00042,1.33365928412e+13,14246,
2017-04-01,16517863.4538,23609,254292000.0,2.82,6321790.0,30229.0625,12.3400309032,3931,2.89656928909,0.00042,1.39893518033e+13,13077,
2017-04-02,10594851.6632,22235,248588000.0,2.75,10883300.0,30725.625,11.4993970152,3735,2.834561455,0.00042,1.3573630621e+13,12350,
2017-04-03,6989578.42122,22535,239440000.0,2.65,9722960.0,30946.09375,11.6099681547,3678,2.733323579,0.00042,1.38960012024e+13,12513,
2017-04-04,3595841.26464,21279,235018000.0,2.6,6273250.0,31118.59375,11.06967664,3294,2.667283398,0.00042,1.46444766658e+13,11667,
2017-04-05,4736543.85538,20990,241974000.0,2.68,5603160.0,30728.28125,11.6843125886,3452,2.74314227064,0.00042,1.44585147476e+13,11504,
2017-04-06,8841854.29807,22106,248631000.0,2.75,10892200.0,31049.375,11.4671022277,3762,2.825124665,0.00042,1.55576184658e+13,12166,
2017-04-07,11533421.3082,24051,241422000.0,2.67,5287300.0,30501.5625,25.2019257541,3679,2.71648791749,0.00060832,1.5324278808e+13,11880,
2017-04-08,7738379.71857,22343,244756000.0,2.71,6855690.0,31041.875,11.6239579225,3714,2.7878820557,0.00042,1.54487327045e+13,12274,
2017-04-09,5755190.54373,22360,245821000.0,2.72,6335860.0,31056.25,12.4699284245,3611,2.79226395127,0.00042,1.54501914802e+13,12132,
2017-04-10,6070716.58205,22677,239316000.0,2.64,5163570.0,30151.5625,12.3930239056,3702,2.7153327432,0.00042,1.55243649004e+13,12405,
2017-04-11,3985195.01609,21825,235280000.0,2.6,3092580.0,30683.28125,11.2617306904,3473,2.681103516,0.00042,1.54113255604e+13,12339,
2017-04-12,3050888.68067,23172,229734000.0,2.54,4452230.0,30775.15625,12.2456521289,3636,2.62226096124,0.00042,1.55975458877e+13,12705,
2017-04-13,3512887.65323,23048,237470000.0,2.62,5216010.0,30304.84375,12.0863989938,3672,2.71256678052,0.00042,1.52832952074e+13,12731,
2017-04-14,4959374.87036,21051,238045000.0,2.63,6137310.0,31231.5625,11.2314087609,3716,2.71897366358,0.00042,1.47363613258e+13,11617,
2017-04-15,5075809.65007,21079,239360000.0,2.64,3488550.0,30295.625,11.0691392735,3381,2.72617290977,0.00042,1.54012723689e+13,11679,
2017-04-16,2868545.43904,21363,242861000.0,2.68,3454270.0,31198.59375,11.0671283395,3195,2.76464265172,0.00042,1.55796680262e+13,11848,
2017-04-17,5421516.83723,21280,238216000.0,2.63,3539730.0,30332.65625,11.0105866622,3408,2.71094722828,0.00042,1.5417931063e+13,11816,
2017-04-18,27190770.7194,22379,237684000.0,2.62,12008300.0,31484.0625,11.6901526163,3910,2.70942990689,0.00042,1.56993776906e+13,12553,
2017-04-19,9747329.67186,22935,261650000.0,2.89,18424100.0,31435.0,11.9629003863,4155,2.98382515416,0.00042,1.70411585544e+13,12879,
2017-04-20,13586267.5406,24665,286485000.0,3.15,25077400.0,31652.1875,12.8887480876,4740,3.25896695348,0.00042,1.90447796416e+13,13990,
2017-04-21,7176533.55374,24056,297930000.0,3.28,12069800.0,30630.0,12.6732568359,4535,3.38232885178,0.00042,2.04613388765e+13,13580,
2017-04-22,3589502.84948,23012,289096000.0,3.18,5842940.0,31293.28125,12.0502637472,4172,3.27763564965,0.00042,2.01317632756e+13,12759,
2017-04-23,9471623.63392,23206,293703000.0,3.23,17227400.0,31097.8125,15.7628331704,4295,3.34429861386,0.00042,2.10265557897e+13,12980,
2017-04-24,25171148.6245,25194,324863000.0,3.57,42912000.0,32274.21875,13.3751370235,5676,3.77822787195,0.00042,2.36217626771e+13,14874,
2017-04-25,32591392.4825,25246,368833000.0,4.05,25195800.0,30685.0,16.5687922438,5410,4.24962935305,0.00042,2.45835340919e+13,14166,
2017-04-26,38648240.4755,25635,361613000.0,3.97,46981900.0,31734.375,13.4670238145,5869,4.2332330732,0.00042,2.48459368762e+13,14557,
2017-04-27,28786962.6546,27429,418466000.0,4.6,57485800.0,31190.15625,14.7371910142,6687,4.990912486,0.00042,2.74053071574e+13,15660,
2017-04-28,15817423.1491,29065,450848000.0,4.95,29110500.0,30090.78125,18.1160661353,5943,5.253153939,0.00060832,2.49355242008e+13,14141,
2017-04-29,18184025.2182,23685,444253000.0,4.88,36329100.0,31640.15625,12.5523586316,5706,5.3469451424,0.00042,2.42233696014e+13,13390,
2017-04-30,38186882.4305,27576,496272000.0,5.44,82888200.0,31943.4375,15.007697509,6809,6.06993559266,0.00042,2.66362625247e+13,15837,
2017-05-01,66001013.8481,29397,591840000.0,6.49,118589000.0,31654.53125,15.5904142652,8030,7.3641675646,0.00042,2.85914296284e+13,17045,
2017-05-02,37679842.2186,28255,632910000.0,6.94,56020100.0,31396.40625,15.0893872665,7290,7.74026695529,0.00042,2.90274184258e+13,16186,
2017-05-03,44096609.0548,28487,597190000.0,6.54,35759200.0,31213.125,15.0228223197,7131,6.73685073,0.00042,2.85838189098e+13,16188,
2017-05-04,24262638.4679,29753,609121000.0,6.67,61868400.0,31068.4375,15.7244779948,7600,6.8879054316,0.00042,2.7756003514e+13,17118,
2017-05-05,46333954.1934,28922,701217000.0,7.68,60387300.0,31761.71875,15.24409711,7287,7.90276237032,0.00042,2.72842560239e+13,16458,
2017-05-06,26537303.7939,27531,689342000.0,7.55,31552400.0,31437.03125,14.4170882869,6409,7.72658918257,0.00042,2.75755925746e+13,15489,
2017-05-07,30725099.163,28806,666100000.0,7.29,36206300.0,31612.1875,17.620093279,6860,7.45858758987,0.00042,2.75353639171e+13,16125,
2017-05-08,55785271.9508,31969,650286000.0,7.11,38785200.0,31206.25,19.1283047784,7644,7.2931388112,0.000441,2.80582973847e+13,17073,
2017-05-09,33288223.658,28734,609381000.0,6.66,58464400.0,31416.875,16.1089374687,7278,6.91279315109,0.00042,2.85235154866e+13,16597,
2017-05-10,38384935.4049,29038,587732000.0,6.43,34371500.0,31116.25,42.793625275,7145,6.581491712,0.00042,2.75692078188e+13,16172,
2017-05-11,22477244.3022,27222,605901000.0,6.62,21112300.0,31507.03125,14.4570041131,6224,6.78138128214,0.00042,2.77552981595e+13,15345,
2017-05-12,26896746.7744,27825,592771000.0,6.48,18365500.0,31360.78125,14.4266657881,6090,6.7052659248,0.00042,2.78695176702e+13,14947,
2017-05-13,9983812.23762,25471,579371000.0,6.33,12663500.0,30965.3125,13.8116073066,5509,6.46448580656,0.00042,2.72493527911e+13,14367,
2017-05-14,7205078.77648,18749,565543000.0,6.17,29682700.0,32251.09375,9.54258335111,5357,6.32864702892,0.00042,2.82057954646e+13,13445,
2017-05-15,23820993.0586,25854,625436000.0,6.83,19609300.0,30879.21875,14.1373324804,6963,7.12378552083,0.00042,2.91281636089e+13,14729,
2017-05-16,11857963.3388,24740,585399000.0,6.39,22364100.0,31466.40625,13.6392427677,6404,6.5705167187,0.00042,2.8851318599e+13,14200,
2017-05-17,17866954.0948,25285,571892000.0,6.24,29290700.0,30932.96875,14.2235932685,6897,6.4367018352,0.00042,2.85530688986e+13,14626,
2017-05-18,31900278.6691,29469,543449000.0,5.92,41864200.0,31495.625,22.0128221188,7501,6.14321614277,0.00042,2.88697481271e+13,17458,
2017-05-19,43631541.5604,30521,616144000.0,6.72,90591100.0,31268.4375,17.101805084,8181,7.11851174265,0.00042,2.86568705294e+13,18819,
2017-05-20,21564546.7116,26019,733122000.0,7.99,38813800.0,31259.21875,13.9576663308,6613,8.2416830824,0.00042,2.75877345417e+13,15431,
2017-05-21,29667362.6735,26580,678664000.0,7.39,64632100.0,31146.5625,14.0534818167,7096,7.66126421377,0.00042,2.72883052891e+13,15409,
2017-05-22,74270996.4822,31772,826321000.0,9.0,169832000.0,31543.59375,17.043046871,9002,10.308798542,0.00042,2.62138264064e+13,19986,
2017-05-23,64331140.1093,28922,915912000.0,9.97,116546000.0,32206.71875,15.5622482282,8249,10.49052793,0.00042,2.65142228742e+13,17468,
2017-05-24,154667269.763,43966,1104910000.0,12.02,319906000.0,34417.34375,25.0597230971,14268,27.4353698683,0.00042,3.50466632247e+13,30775,
2017-05-25,211359798.454,45696,1767600000.0,19.22,575964000.0,32688.28125,27.9998213136,15909,40.6547954619,0.00042,4.54085081882e+13,32473,
2017-05-26,104732162.44,36363,1519550000.0,16.52,321918000.0,31130.78125,21.9428253257,11874,17.2627347396,0.00042,4.2016574581e+13,22301,
2017-05-27,75789815.0708,33897,1282250000.0,13.96,220003000.0,31561.40625,18.32673371,11235,14.357212954,0.00042,4.13808311337e+13,19895,
2017-05-28,67742071.2613,34206,1523730000.0,16.56,159009000.0,31736.25,20.8251606307,10372,17.2614852491,0.00042,4.56403631585e+13,20907,
2017-05-29,57005765.0903,32166,1494310000.0,16.23,100235000.0,30763.59375,17.8432667243,10099,16.7034571644,0.00042,4.43437758517e+13,19877,
2017-05-30,61342855.8631,32857,1577830000.0,17.13,151989000.0,31261.71875,18.4613290547,11151,17.9188995384,0.00042,4.19878740272e+13,20149,
2017-05-31,83688067.0642,34299,1726710000.0,18.74,169218000.0,31016.5625,20.5726996003,11496,19.5437657212,0.00042,4.03999002069e+13,20585,
2017-06-01,63019446.5958,32615,1624040000.0,17.62,129554000.0,32288.4375,21.5571856462,11768,19.0448593667,0.00042,4.17443102768e+13,20653,
2017-06-02,39653425.2297,29223,1552150000.0,16.84,74579100.0,30947.5,16.3426507431,10093,18.5095224208,0.00042,4.27522251991e+13,18756,
2017-06-03,35690559.4301,28432,1603910000.0,17.39,94317500.0,31554.84375,15.1292720108,10159,20.672595639,0.00042,4.2214409732e+13,19069,
2017-06-04,32435435.7049,32374,1508760000.0,16.36,105612000.0,31259.6875,31.8635073613,10077,17.2458219387,0.000441,4.21896080945e+13,18749,
2017-06-05,43673178.3392,28582,1607200000.0,17.43,65380500.0,31602.03125,15.4720090261,10381,20.8142497691,0.00042,4.17364860801e+13,18524,
2017-06-06,48159147.8378,30170,1601600000.0,17.35,94322300.0,31081.5625,17.0415250911,10739,19.1255618363,0.00042,4.16237547425e+13,19455,
2017-06-07,45327520.5592,30181,1615920000.0,17.5,133332000.0,31950.0,16.6388919126,11219,19.275809525,0.00042,4.20534345179e+13,19941,
2017-06-08,25580845.0701,37349,1619690000.0,17.53,52434000.0,31167.34375,18.8166789114,20525,17.7053,0.00042,4.24719510621e+13,28794,
2017-06-09,48350059.5422,33369,1620430000.0,17.54,57805600.0,31489.84375,16.3341762797,19288,17.65517258,0.00042,4.32066918012e+13,28149,
2017-06-10,148242569.737,29987,1612890000.0,17.45,195638000.0,31022.34375,16.0318626222,11450,23.6234070795,0.00042,4.14656690871e+13,20749,
2017-06-11,118651954.114,36418,1803650000.0,19.5,415109000.0,32371.25,34.0638336275,12830,23.4756539937,0.00042,4.17822235302e+13,23990,
2017-06-12,137326092.206,27086,1995200000.0,21.57,315523000.0,30275.46875,13.8019412597,13370,22.4293835539,0.00042,4.21169879728e+13,22662,
2017-06-13,83070273.2009,31615,1874700000.0,20.26,153774000.0,30928.59375,16.9228396213,13457,25.8224153147,0.00042,3.83512156682e+13,21976,
2017-06-14,47357390.061,25683,1921790000.0,20.76,126599000.0,31504.0625,13.6155330542,11370,21.8210515006,0.00042,3.76600256852e+13,20042,
2017-06-15,55443362.1902,25695,1746400000.0,18.86,178225000.0,31377.1875,13.343370908,11135,20.0480397591,0.00042,3.803470297e+13,20285,
2017-06-16,39340472.6399,24539,1697750000.0,18.33,89917100.0,31372.34375,12.5803134814,10314,18.9149117396,0.00042,3.81597231297e+13,19203,
2017-06-17,63425398.754,27400,1703170000.0,18.38,415397000.0,31946.09375,14.9431988642,11827,19.9943996903,0.00042,4.08174140809e+13,21136,
2017-06-18,168740234.861,29842,2134890000.0,23.03,489569000.0,31758.125,14.8638328495,13492,25.3525379727,0.00042,4.630341752e+13,22150,
2017-06-19,53913305.3844,30216,2044860000.0,22.05,270192000.0,31512.5,14.7823223901,13228,24.1876550166,0.00042,4.7039336656e+13,21876,
2017-06-20,42947827.5992,28980,2135600000.0,23.02,161373000.0,32122.96875,13.9811918434,12647,24.1757066015,0.00042,4.98257224085e+13,20790,
2017-06-21,43008237.7765,27233,2013030000.0,21.69,166313000.0,32151.25,13.4827773742,12428,23.5125753453,0.00042,5.29818893972e+13,19756,
2017-06-22,43721257.0255,25544,1927380000.0,20.76,89949500.0,31520.3125,12.5887247456,11518,21.500436366,0.00042,5.50390367635e+13,18326,
2017-06-23,28887269.1038,24865,1931450000.0,20.8,77701100.0,31995.625,12.311051106,11385,21.6102727249,0.00042,5.76434268408e+13,17833,
2017-06-24,36105971.1826,25505,1984090000.0,21.36,64584600.0,30948.59375,12.1696233586,12259,22.0335889334,0.00042,5.82925238967e+13,18480,
2017-06-25,71928199.961,29510,1871250000.0,20.14,441712000.0,32282.65625,15.0813576171,13888,22.185858946,0.00042,5.83475775461e+13,21271,
2017-06-26,63745186.1447,27861,2001190000.0,21.53,269996000.0,31717.5,14.4142462737,13907,22.2092886807,0.00042,6.46685935042e+13,21898,
2017-06-27,91148115.9794,28377,1830180000.0,19.68,304733000.0,31366.09375,14.1222091346,13919,20.0689017936,0.00042,6.39975056589e+13,21922,
2017-06-28,42820068.8449,27720,1782010000.0,19.16,181039000.0,31156.5625,12.8051862268,13514,19.4978665595,0.00042,6.13509872198e+13,21530,
2017-06-29,24813371.2818,26755,1825930000.0,19.62,102812000.0,31584.53125,12.2042600086,12958,19.88674916,0.00042,5.88355271749e+13,20638,
2017-06-30,52160501.7226,27736,1731060000.0,18.6,120634000.0,31610.15625,13.4783682955,13720,18.9270160658,0.00042,6.00576969114e+13,21458,
2017-07-01,25941425.129,26450,1745950000.0,18.75,64563300.0,31843.125,12.2631074629,12566,18.9966676569,0.00042,6.35339910048e+13,20175,
2017-07-02,29461946.7163,27054,1652150000.0,17.74,88689500.0,31096.09375,12.7998991815,12882,18.0060006837,0.00042,6.47436649878e+13,20714,
2017-07-03,29388203.7361,27180,1669210000.0,17.91,80328000.0,31393.28125,12.8101057344,13398,18.1331540622,0.00042,6.36084299716e+13,20739,
2017-07-04,26160317.7209,29539,1662670000.0,17.84,85616700.0,32106.40625,14.1412733074,13673,18.0603805978,0.00042,6.51902200421e+13,22364,
2017-07-05,35280764.786,26676,1682750000.0,18.05,57671900.0,31413.125,12.7144574598,12972,18.209380315,0.00042,6.69128326568e+13,20309,
2017-07-06,29891311.078,28244,1657550000.0,17.77,62603300.0,31307.5,13.5222792862,13803,17.9568076581,0.00042,6.79988389927e+13,21487,
2017-07-07,23738721.9775,28202,1675380000.0,17.96,63005000.0,31616.875,13.5117204562,13367,18.1626468279,0.00042,6.9205206213e+13,21477,
2017-07-08,31006803.0385,27846,1562560000.0,16.74,113998000.0,31459.53125,13.4476059167,13982,16.9339886745,0.00042,6.97644150351e+13,21338,
2017-07-09,25088406.2949,26309,1584440000.0,16.97,56397400.0,31484.0625,12.2460489052,12640,17.1156548425,0.00042,7.16939442622e+13,19812,
2017-07-10,36170559.6089,28439,1516460000.0,16.24,146147000.0,32461.5625,13.9161248331,14029,16.4142558496,0.00042,8.12352744298e+13,21449,
2017-07-11,116666519.192,34329,1421880000.0,15.22,194378000.0,31768.59375,17.1848905504,16364,15.4874908912,0.00042,8.41566847068e+13,26544,
2017-07-12,144664012.989,47310,1373170000.0,14.69,725473000.0,33060.15625,26.3130203715,21508,16.5413745617,0.00042,9.58623386466e+13,38607,
2017-07-13,122426602.752,42028,1874350000.0,20.05,429173000.0,31333.90625,22.2655175027,19789,20.3364919398,0.00042,1.0612142196e+14,33516,
2017-07-14,81867166.3403,33700,1722240000.0,18.41,215528000.0,31773.90625,16.5438433246,17333,18.5076998266,0.00042,1.0725262266e+14,25238,
2017-07-15,90146900.8653,32902,1646950000.0,17.6,243159000.0,31202.1875,16.4477332095,17000,17.7343605856,0.00042,1.06673004716e+14,25336,
2017-07-16,68856192.8869,33583,1376490000.0,14.71,249231000.0,31825.78125,17.1063251372,17268,14.8608447201,0.00042,1.11506749909e+14,25853,
2017-07-17,70533229.6891,36337,1348150000.0,14.4,300782000.0,31549.53125,19.0146133205,19424,14.5373009798,0.00042,1.13973917098e+14,27997,
2017-07-18,61160631.1291,32690,1451740000.0,15.51,282383000.0,31585.0,16.4895193341,17524,15.7020588646,0.00042,1.1496009662e+14,25083,
2017-07-19,51008582.0087,30230,1538640000.0,16.43,153459000.0,30193.4375,14.5829562067,16829,16.6170358425,0.00042,1.02318120173e+14,23310,
2017-07-20,46779845.9808,31223,1400840000.0,14.95,179261000.0,31299.375,15.3658008986,17135,15.1539383112,0.00042,9.17895006149e+13,23960,
2017-07-21,41593464.8679,29200,1510790000.0,16.12,178167000.0,31564.84375,14.8118685509,15122,16.3499148296,0.00042,9.33178000271e+13,22158,
2017-07-22,28281992.5738,26470,1511020000.0,16.11,70103300.0,31436.875,12.918180429,13831,16.2431510724,0.00042,9.52517127057e+13,20215,
2017-07-23,25070355.6722,32411,1549590000.0,16.52,76647400.0,31319.84375,33.3808617165,14975,16.6336675244,0.00042,9.39576873502e+13,20638,
2017-07-24,22161490.263,32797,1486560000.0,15.84,38370000.0,31129.6875,22.0569195803,17939,16.046147163,0.00042,9.26251328397e+13,20981,
2017-07-25,38158401.041,30237,1491550000.0,15.89,74645500.0,31958.28125,17.0969449377,14910,16.0592791921,0.00042,9.50198957218e+13,21821,
2017-07-26,26809222.2919,29473,1395600000.0,14.86,46058800.0,31658.90625,16.7118614746,14558,14.9586727445,0.00042,9.63433995965e+13,21171,
2017-07-27,12585201.8295,28923,1390780000.0,14.81,28722600.0,31364.21875,16.1085095664,14509,14.8835302135,0.00042,9.54801084157e+13,20850,
2017-07-28,20601024.3253,29739,1376840000.0,14.65,48972400.0,31834.53125,16.9542702243,14405,14.7539670792,0.00042,9.6361017206e+13,20945,
2017-07-29,24367676.8893,30675,1330870000.0,14.16,65494300.0,31396.875,23.4908334641,14475,14.2365012745,0.00042,9.90215552705e+13,20989,
2017-07-30,12820282.6639,28705,1347810000.0,14.33,37797400.0,31604.6875,15.9794751673,13997,14.4185540979,0.00042,9.77218274992e+13,20092,
2017-07-31,25373019.8939,31409,1295940000.0,13.78,44660400.0,31915.15625,17.8461068206,15962,13.8809461146,0.00042,1.00606855539e+14,22364,
2017-08-01,22985512.3017,28905,1319170000.0,14.02,86270500.0,31225.0,16.8614749184,14549,14.1233726158,0.00042,1.03597150838e+14,20103,
2017-08-02,33613077.4485,31253,1374450000.0,14.6,81127100.0,31987.1875,17.3264998783,15105,14.72092669,0.00042,1.04135939216e+14,22535,
2017-08-03,32201003.4365,39430,1390050000.0,14.76,74707900.0,31703.59375,42.5389845833,16433,14.8328646399,0.000441,1.04567742743e+14,25197,
2017-08-04,27039084.138,32960,1447760000.0,15.37,51110000.0,31409.6875,18.7870402292,16186,15.4516713224,0.00042,1.06819922571e+14,23078,
2017-08-05,59957712.0451,39393,1415870000.0,15.03,98290900.0,31211.25,29.0865934521,20929,15.2607689521,0.000441,1.03254976709e+14,23399,
2017-08-06,33505301.0136,35315,1504680000.0,15.96,81856700.0,31236.5625,22.5623945694,17014,16.0628612424,0.00042,1.00249152871e+14,22764,
2017-08-07,51115823.3309,36486,1445300000.0,15.33,59522900.0,31372.1875,23.2973311371,17093,15.5135815577,0.00042,9.56112592081e+13,24950,
2017-08-08,41428676.9778,34177,1442970000.0,15.3,88294200.0,31145.15625,20.9083550939,16254,15.4332565858,0.00042,9.38750538838e+13,23087,
2017-08-09,47723916.7364,32990,1497320000.0,15.87,95728900.0,31720.625,17.8553237827,15256,16.0094262817,0.00042,8.90927099386e+13,22363,
2017-08-10,43191303.1266,36034,1453210000.0,15.4,42596500.0,31247.34375,19.0108561646,16651,15.5586906013,0.00042,9.17228611835e+13,24395,
2017-08-11,37482671.3116,33348,1431410000.0,15.16,46330400.0,31477.65625,18.1320627845,15106,15.3131765976,0.00042,8.97200511544e+13,22415,
2017-08-12,37130706.0637,34702,1433430000.0,15.18,50077000.0,31170.625,18.8229636172,16016,15.3320187498,0.00042,8.7570042065e+13,23143,
2017-08-13,39066213.0799,34646,1396350000.0,14.78,58116600.0,31148.125,19.0323032338,14862,14.9496146888,0.00042,8.49905240405e+13,23019,
2017-08-14,48376197.5629,35650,1350180000.0,14.29,38585500.0,31364.21875,19.4933672335,15194,14.4224655849,0.00042,8.37453019254e+13,23690,
2017-08-15,35295379.4633,34366,1330550000.0,14.07,49456900.0,31632.65625,18.6818670741,14542,14.2098526415,0.00042,8.37979030391e+13,22752,
2017-08-16,23279720.6304,33456,1294140000.0,13.69,77467600.0,31147.96875,18.8127228732,14276,13.8205228557,0.00042,8.38272998995e+13,22072,
2017-08-17,34544852.2713,35875,1346400000.0,14.23,50306000.0,31607.5,19.489490083,16092,14.4113138972,0.00042,8.31229386004e+13,24547,
2017-08-18,25330513.7669,35757,1314260000.0,13.89,70150100.0,31635.78125,19.4246113289,15330,14.0454510462,0.00042,8.49215530933e+13,24069,
2017-08-19,38823785.0298,33276,1311790000.0,13.86,48175900.0,31475.625,18.0659300976,14471,13.9951563378,0.00042,8.49870095918e+13,22165,
2017-08-20,18420169.2848,32274,1295520000.0,13.68,40155000.0,31877.5,17.0493195219,13241,13.8006556729,0.00042,8.67078050906e+13,20805,
2017-08-21,42933899.2736,35019,1316110000.0,13.89,114021000.0,30709.375,19.276567731,14861,14.0423792949,0.00042,8.32004190718e+13,22888,
2017-08-22,44636537.6786,33829,1380860000.0,14.57,97160200.0,31994.375,18.3560756086,13863,14.7099510756,0.00042,8.11462469947e+13,22118,
2017-08-23,86415440.3734,39405,1372030000.0,14.47,325317000.0,31981.5625,22.5231146512,15937,14.6772162837,0.00042,8.76683514678e+13,26322,
2017-08-24,73450252.42,37868,1456290000.0,15.36,105296000.0,31512.65625,20.8283354828,15248,15.5189434931,0.00042,8.94495723533e+13,25616,
2017-08-25,27333618.442,33846,1434760000.0,15.13,49610500.0,32035.46875,18.1005962011,14629,15.235511495,0.00042,9.4768364079e+13,22082,
2017-08-26,21361174.8159,30405,1450080000.0,15.28,41284600.0,31141.71875,16.5609338015,13120,15.3907467823,0.00042,9.67625822496e+13,19509,
2017-08-27,33648585.1002,36481,1449670000.0,15.27,150740000.0,31968.59375,28.7889537543,16355,15.3915494196,0.000441,9.72545110619e+13,23957,
2017-08-28,45375772.6681,37330,1527600000.0,16.09,96308800.0,31422.8125,20.0643221324,15929,16.2339931107,0.00042,9.9015646373e+13,25015,
2017-08-29,35624522.7189,37559,1499090000.0,15.79,68677500.0,31348.4375,20.4671699802,16413,15.949481677,0.00042,9.7455254466e+13,25223,
2017-08-30,44178831.2511,37159,1500740000.0,15.8,66337400.0,31489.21875,19.5607539779,16563,15.9884603,0.00042,9.51397884775e+13,25353,
2017-08-31,40403572.2656,35588,1489950000.0,15.68,86584900.0,31495.46875,19.3220619111,15291,15.8204493381,0.00042,9.51537561248e+13,23391,
2017-09-01,192017311.437,50233,1559510000.0,16.4,821440000.0,33827.65625,27.7691920711,20014,17.639228608,0.00042,1.05055476644e+14,36090,
2017-09-02,175352113.245,44689,2096550000.0,22.04,648787000.0,31813.4375,22.9909618414,19714,22.4118723244,0.00042,1.32287564543e+14,31619,
2017-09-03,77384918.5124,37932,1920050000.0,20.18,221986000.0,31275.9375,20.0675989787,17981,20.332980828,0.00042,1.27551878473e+14,25551,
2017-09-04,75698998.7072,40688,1764650000.0,18.54,243535000.0,31557.5,22.4566547788,18569,18.7865357073,0.00042,1.26135586622e+14,28272,
2017-09-05,74842980.9417,39503,1506490000.0,15.82,218190000.0,31306.5625,21.491634101,18242,16.0048612858,0.00042,1.25085833636e+14,27507,
2017-09-06,110725368.49,42888,1579610000.0,16.59,228007000.0,32081.875,22.6200884241,20518,16.8134915917,0.00042,1.25224584925e+14,30328,
2017-09-07,47602511.7225,37275,1810900000.0,19.01,187201000.0,31287.34375,20.6159796078,17473,19.1502124962,0.00042,1.28725665439e+14,25914,
2017-09-08,73565752.8538,37795,1701770000.0,17.86,269884000.0,31509.84375,20.7814389713,17719,18.0390291758,0.00042,1.31665155285e+14,26467,
2017-09-09,65748023.2802,39149,1443530000.0,15.14,131722000.0,31053.28125,21.9570012707,18529,15.3172835091,0.00042,1.30232257835e+14,27803,
2017-09-10,93627572.1642,38963,1415090000.0,14.84,210528000.0,31397.96875,22.140344898,17873,15.0072840484,0.00042,1.2495613975e+14,26991,
2017-09-11,59665366.2015,37721,1299470000.0,13.62,142588000.0,31469.6875,21.1418118701,17866,13.7639862388,0.00042,1.2376910405e+14,26817,
2017-09-12,78918178.0102,36647,1399560000.0,14.67,167338000.0,31508.59375,25.8359730486,16915,14.8020347263,0.00042,1.25449290936e+14,25643,
2017-09-13,55778308.526,35444,1379350000.0,14.45,103257000.0,31536.09375,25.7508244913,16516,14.5726918058,0.00042,1.24454275378e+14,24125,
2017-09-14,82319109.8129,38863,1341200000.0,14.05,220330000.0,31694.84375,24.360630692,17242,14.2562153625,0.00042,1.2532041008e+14,27400,
2017-09-15,91567241.8288,45196,868471000.0,9.09,434921000.0,30784.53125,27.0299531539,19911,9.54335892512,0.00042,1.18451917786e+14,33006,
2017-09-16,45911007.3356,41382,978667000.0,10.24,146996000.0,31687.8125,23.9487551974,19138,10.4173407286,0.00042,1.14588226839e+14,30334,
2017-09-17,24777138.1418,37306,948141000.0,9.92,55522700.0,31243.75,23.2972838625,16464,10.0345440499,0.00042,1.12356188924e+14,26424,
2017-09-18,45192590.5901,40104,957337000.0,10.01,117958000.0,30959.21875,26.4875680383,17516,10.1450027513,0.00042,1.11081838502e+14,28070,
2017-09-19,31650662.5685,36182,1131850000.0,11.83,69938100.0,31410.3125,22.6985163281,15972,11.9483935025,0.00042,1.08454917493e+14,25613,
2017-09-20,25400453.2168,34416,1094120000.0,11.44,41369200.0,31159.375,20.9522648564,15118,11.5568511121,0.00042,1.05976599493e+14,24540,
2017-09-21,32780228.5438,35807,1072660000.0,11.21,39347200.0,31227.65625,20.9936448088,15914,11.3534207644,0.00042,1.0160544229e+14,25942,
2017-09-22,15284819.8624,33300,967000000.0,10.1,31855800.0,32685.78125,19.7457389799,14559,10.189650867,0.00042,1.11332566076e+14,23737,
2017-09-23,16966428.0687,31501,978077000.0,10.21,27727300.0,31187.8125,18.0904704478,14165,10.3222605436,0.00042,1.12977823233e+14,22359,
2017-09-24,17125986.9464,32748,1016090000.0,10.61,21480300.0,31860.625,19.3603820128,13851,10.6964082863,0.00042,1.09882097632e+14,23000,
2017-09-25,14746974.0867,33618,997582000.0,10.41,34197100.0,31114.21875,21.5483804652,14642,10.4934854831,0.00042,1.10668469154e+14,22793,
2017-09-26,23910561.1536,34374,1041640000.0,10.87,84319600.0,31939.6875,23.2263881353,14501,10.9767100721,0.00042,1.12614565946e+14,23292,
2017-09-27,33851975.8123,36158,1077120000.0,11.23,119565000.0,31639.21875,21.4373039577,15007,11.327478387,0.00042,1.18265274979e+14,24800,
2017-09-28,36059763.3739,39376,1211380000.0,12.63,175932000.0,31892.03125,33.4852406199,16694,12.7385485982,0.00042,1.21399979628e+14,26502,
2017-09-29,31555374.4171,34462,1225220000.0,12.77,123657000.0,31443.125,26.8392209788,14430,12.8695800095,0.00042,1.23215613407e+14,22869,
2017-09-30,25197089.9274,35718,1200620000.0,12.51,81530800.0,31503.90625,25.9994741961,14773,12.5919981647,0.00042,1.22364789128e+14,23932,
2017-10-01,13597614.6727,32175,1246600000.0,12.98,44133200.0,31503.59375,20.3007044807,13732,13.064023151,0.00042,1.24374400384e+14,21787,
2017-10-02,18896307.8589,34293,1223910000.0,12.74,36422500.0,31269.21875,21.249344181,14615,12.8303439016,0.00042,1.23378010241e+14,23088,
2017-10-03,10072326.5106,32944,1198270000.0,12.47,38300200.0,31706.875,20.7798417749,13872,12.5588096602,0.00042,1.22142734655e+14,22108,
2017-10-04,7407154.6518,32494,1190230000.0,12.38,23010900.0,31365.3125,20.0083035709,13388,12.4675685842,0.00042,1.23023172942e+14,21743,
2017-10-05,8756950.48596,34282,1150570000.0,11.97,26552900.0,31240.78125,27.1434932697,13918,12.0372364073,0.00042,1.22322967746e+14,22126,
2017-10-06,8346480.03725,33930,1148890000.0,11.94,30320700.0,31682.96875,21.1186985302,14304,12.0157875733,0.00042,1.21761538912e+14,22955,
2017-10-07,8119946.03695,33514,1185190000.0,12.32,18414400.0,31639.0625,20.0265850464,14134,12.4054686822,0.00042,1.20056865477e+14,22685,
2017-10-08,11215535.6301,33457,1181440000.0,12.28,32447800.0,31148.75,20.6576967078,14162,12.3609362411,0.00042,1.18583902457e+14,22439,
2017-10-09,24232426.7563,34626,1166960000.0,12.12,40264100.0,31598.90625,21.0801119687,14554,12.210567912,0.00042,1.19276860927e+14,23524,
2017-10-10,13161967.3621,35844,1107010000.0,11.49,27818000.0,31635.15625,23.5043290076,14627,11.569727326,0.00042,1.14379099795e+14,24085,
2017-10-11,13585932.429,44732,1112470000.0,11.55,17991900.0,31492.5,37.4691895309,14639,11.5715045953,0.00056688,1.1475568688e+14,32921,
2017-10-12,21759896.9434,44830,1109090000.0,11.51,56959300.0,31545.625,38.047465695,16052,11.5478547786,0.000480395658928,1.15720718169e+14,32005,
2017-10-13,24671299.436,38102,1157100000.0,12.0,79837000.0,31202.65625,26.0773687971,15991,12.1048097997,0.00042,1.13574804337e+14,25895,
2017-10-14,14750670.5829,55032,1176620000.0,12.2,38425100.0,31412.5,34.3828132412,18757,12.2164798007,0.000450949801008,1.11080011694e+14,42987,
2017-10-15,9387935.87485,57751,1180820000.0,12.24,52181800.0,31399.21875,35.9874098323,14706,6.58985819492,0.00059544,1.10375956765e+14,46056,
2017-10-16,13683859.7923,38909,1153060000.0,11.95,28608500.0,31325.9375,25.4621506855,15619,12.0265434353,0.00042,1.10572575658e+14,26883,
2017-10-17,32172976.8227,40655,1148970000.0,11.9,75268900.0,30739.6875,32.3487302975,16171,11.99720753,0.00042,1.01300910467e+14,27335,
2017-10-18,22202104.2077,36908,1151010000.0,11.92,55644800.0,31072.65625,27.5606820624,15018,12.0188031965,0.00042,9.49301048962e+13,25050,
2017-10-19,18428169.5711,37071,1112650000.0,11.52,25045400.0,31694.84375,30.4668852332,15204,11.6159933858,0.00042,9.3789353389e+13,25013,
2017-10-20,12287759.377,36578,1097270000.0,11.36,28250900.0,31368.59375,31.2526222965,14540,11.4437675202,0.00042,9.24626757208e+13,24078,
2017-10-21,11138999.7864,37352,1083120000.0,11.21,20451400.0,31497.1875,29.5424354169,14548,11.2860113254,0.00042,9.20350253097e+13,24563,
2017-10-22,8313228.53577,36387,1057170000.0,10.93,19648600.0,31413.59375,26.5413827208,14141,11.0015633006,0.00042,9.27641901604e+13,24097,
2017-10-23,22515058.5793,38202,1046200000.0,10.82,39358200.0,31594.21875,27.9892495845,15305,10.9155652278,0.00042,9.34708833493e+13,25601,
2017-10-24,18498363.6463,38539,994988000.0,10.28,41969800.0,31376.5625,27.9259068945,14893,10.3659323452,0.00042,9.22055815047e+13,25591,
2017-10-25,9109997.44886,35080,1024260000.0,10.58,25582600.0,31259.53125,23.0840397929,13924,10.6642648585,0.00042,9.10746673488e+13,23466,
2017-10-26,19092728.9157,37049,1028580000.0,10.62,18961900.0,31517.8125,25.4320518957,14616,10.6992541926,0.00042,9.24795840331e+13,24848,
2017-10-27,23804917.8321,36579,1015860000.0,10.49,21540100.0,31347.34375,23.0988108846,14536,10.5766475917,0.00042,9.13762532456e+13,24906,
2017-10-28,9633725.22553,34292,1007430000.0,10.4,24204100.0,31141.09375,21.0585689567,13697,10.4900610836,0.00042,8.96702723206e+13,23078,
2017-10-29,16488321.1695,35981,1026380000.0,10.59,65005200.0,31419.84375,24.095637466,14268,10.7005055059,0.00042,9.09576782632e+13,24196,
2017-10-30,17269024.1156,37241,1050600000.0,10.84,20081700.0,31600.625,29.3361009238,14615,10.9520046997,0.00042,8.8743279907e+13,25142,
2017-10-31,16866188.683,38157,1053730000.0,10.87,27241200.0,31103.28125,26.3239951012,15072,10.9672795432,0.00042,9.01856996053e+13,25618,
2017-11-01,19284604.656,39580,1028310000.0,10.6,30011800.0,31742.34375,28.48899914,16433,10.6762969008,0.00042,8.96456012467e+13,26699,
2017-11-02,18424124.4624,36559,996639000.0,10.27,39190200.0,31024.84375,23.5915107511,14601,10.372173149,0.00042,8.80396396093e+13,24414,
2017-11-03,23204920.8925,38671,993753000.0,10.24,146543000.0,32210.15625,25.0624712989,15338,10.3387972878,0.00042,8.71701211667e+13,26359,
2017-11-04,35736145.0344,40036,1226190000.0,12.63,149319000.0,30994.0625,23.8742017597,19244,12.7009032256,0.00042,9.35694507851e+13,28971,
2017-11-05,56909951.4295,39155,1152170000.0,11.86,333395000.0,32859.84375,24.4036541284,15862,12.0050462335,0.00042,9.96493877876e+13,26836,
2017-11-06,66399063.7087,43044,1292090000.0,13.3,435668000.0,31765.0,25.8047262911,18571,13.4930563621,0.00042,1.12215265733e+14,30685,
2017-11-07,40015841.2106,37863,1374590000.0,14.14,173761000.0,31012.65625,24.7034047352,16309,14.2654827434,0.00042,1.11721536692e+14,26667,
2017-11-08,38789557.5924,36596,1369880000.0,14.09,139534000.0,31293.90625,22.5711979929,15444,14.2159195701,0.00042,1.11183117172e+14,25712,
2017-11-09,32530131.658,34800,1359370000.0,13.98,129201000.0,31290.625,21.0440879198,15447,14.1370023902,0.00042,1.05406704685e+14,24550,
2017-11-10,58210451.5285,38140,1380350000.0,14.19,299857000.0,32374.6875,23.389873969,16314,14.3613298838,0.00042,1.10670756222e+14,27000,
2017-11-11,93854287.2245,46565,1423270000.0,14.62,958982000.0,33113.4375,28.3431833615,21597,15.0130413927,0.00042,1.2993862459e+14,33932,
2017-11-12,128246057.964,48545,1894610000.0,19.46,697453000.0,30316.09375,29.064185522,22554,19.9932452552,0.00042,1.42771187562e+14,36332,
2017-11-13,82297178.4154,41849,1490890000.0,15.31,350880000.0,30864.21875,31.0873442575,18366,15.5162748351,0.00042,1.18859242183e+14,30327,
2017-11-14,75980072.3115,39018,1566510000.0,16.08,449738000.0,31772.03125,25.1073204294,17124,16.2752734839,0.00042,1.23407540223e+14,27963,
2017-11-15,50897496.0431,38100,1738580000.0,17.84,149567000.0,31226.71875,23.7322825792,17170,17.9723933702,0.00042,1.21598301293e+14,27115,
2017-11-16,42165081.4513,38789,1706140000.0,17.5,182721000.0,31463.59375,24.0350330866,17002,17.6636317263,0.00042,1.19321213492e+14,27721,
2017-11-17,50752734.7938,38148,1635500000.0,16.77,150957000.0,31826.25,23.8493411037,16539,16.9201479491,0.00042,1.2143350309e+14,27250,
2017-11-18,41712467.2253,38965,1679120000.0,17.21,159453000.0,31459.6875,24.3512802483,18258,17.3268816574,0.00042,1.22732844285e+14,25913,
2017-11-19,33829027.7959,37031,1730450000.0,17.73,110618000.0,31682.03125,25.0224484372,15895,17.8873647426,0.00042,1.19235147488e+14,26173,
2017-11-20,71113763.7903,38984,1750630000.0,17.94,147752000.0,31783.59375,33.5448886177,17690,18.1260388624,0.00042,1.26729789489e+14,28034,
2017-11-21,61084367.0754,37015,1796380000.0,18.4,186210000.0,31710.78125,24.6987507167,15678,18.582111424,0.00042,1.22941420187e+14,26162,
2017-11-22,107237875.596,41388,1732980000.0,17.74,93779000.0,31833.90625,28.9247427484,17915,17.9036203951,0.00042,1.20312761182e+14,29049,
2017-11-23,50068223.7493,39748,1760670000.0,18.02,186523000.0,31047.34375,31.7209704533,17475,18.2070584505,0.00042,1.18997139735e+14,27712,
2017-11-24,81113883.6624,42593,1785000000.0,18.26,373045000.0,31623.4375,29.7869620847,18384,18.5136166094,0.00042,1.17411755e+14,30109,
2017-11-25,79605951.3,45380,2084820000.0,21.33,370135000.0,32033.28125,37.0557013725,19578,21.5572984651,0.00042,1.19448156604e+14,31674,
2017-11-26,67154652.3869,42245,2124930000.0,21.73,494333000.0,31866.09375,31.9223925757,18329,21.9373255697,0.00042,1.22582533231e+14,29283,
2017-11-27,115232815.403,48544,2167620000.0,22.16,718945000.0,32150.9375,40.9663316825,21597,22.4436093308,0.00042,1.26323094244e+14,33912,
2017-11-28,323119735.17,65917,2519340000.0,25.74,1640680000.0,33525.9375,54.8870951861,29700,28.4664183274,0.00042,1.55348627846e+14,47798,
2017-11-29,207729596.237,58631,3326880000.0,33.98,919393000.0,30840.625,40.8847038854,28005,34.6079950866,0.00042,1.58139586842e+14,43541,
2017-11-30,102895864.26,48196,2546530000.0,26.01,968075000.0,31545.78125,33.3129478577,22129,26.2829485499,0.00042,1.49412644123e+14,34840,
2017-12-01,109291957.025,41745,2737970000.0,27.95,853735000.0,32642.8125,29.2930608685,19654,28.2187440015,0.00042,1.54184001482e+14,29779,
2017-12-02,106360952.919,47087,3055410000.0,31.18,605113000.0,31677.1875,29.5075758941,21132,31.4743513602,0.00042,1.66153275633e+14,34499,
2017-12-03,74295427.8815,43776,3016140000.0,30.77,401675000.0,31501.71875,27.1370137359,19888,30.9998316331,0.00042,1.59963843029e+14,31921,
2017-12-04,73601251.1287,45821,2984910000.0,30.44,274351000.0,31450.9375,29.4251370577,20888,30.7049521952,0.00042,1.614239809e+14,33598,
2017-12-05,106552949.005,59401,2981630000.0,30.4,331677000.0,31363.59375,36.5915497679,21449,30.448213792,0.0004216,1.56253616366e+14,46881,
2017-12-06,146504923.162,49051,2991890000.0,30.49,407100000.0,31207.03125,32.2585490567,23173,30.9685085355,0.00042,1.53964641437e+14,36478,
2017-12-07,106807603.787,46765,2738670000.0,27.9,449013000.0,31534.375,33.3653314564,21971,28.2133527542,0.00042,1.52774535115e+14,35399,
2017-12-08,182510692.833,52007,2639940000.0,26.89,581400000.0,31447.8125,43.243401954,23675,27.1848429575,0.00042,1.51761950893e+14,38149,
2017-12-09,153675243.744,45920,2923310000.0,29.77,585616000.0,31652.34375,34.3441325076,20817,30.1860641712,0.00042,1.55077250249e+14,34065,
2017-12-10,86005710.5544,42455,2870390000.0,29.22,463748000.0,31137.8125,29.9128870945,18908,29.471977694,0.00042,1.52112806611e+14,30816,
2017-12-11,69167354.8738,45837,2602010000.0,26.48,470359000.0,29330.71875,31.3793015809,23909,26.6379974216,0.0004216,1.53843869656e+14,35586,
2017-12-12,269432572.389,54586,2728370000.0,27.75,819045000.0,23882.5,39.6363721948,24229,28.07456061,0.000441,1.38842495342e+14,43951,
2017-12-13,244586463.747,51684,2978500000.0,30.29,688511000.0,23597.5,38.3565531603,22989,30.6283201349,0.000466570113051,1.25892257471e+14,40443,
2017-12-14,184585902.807,45543,2914580000.0,29.64,632755000.0,24180.25,35.4285146614,22728,30.1856574206,0.00042,1.17742134241e+14,32540,
2017-12-15,108750405.143,51853,3150230000.0,32.02,526730000.0,24161.75,40.1122840458,20429,32.0990750349,0.00060632,1.20914012668e+14,41023,
2017-12-16,152321701.081,53810,3151410000.0,32.03,1104770000.0,24516.25,43.723884159,28100,32.1711755561,0.0006573,1.2097859096e+14,43316,
2017-12-17,115310175.058,44112,3423520000.0,34.78,428826000.0,24357.25,30.2381492095,21785,35.22531387,0.00042,1.23646038013e+14,33063,
2017-12-18,235499732.742,52566,3431130000.0,34.85,1072100000.0,24328.0,38.6739676702,26609,35.6937118785,0.00042,1.26586912797e+14,40643,
2017-12-19,218133668.676,52016,3880300000.0,39.41,931713000.0,24145.0,40.9028704882,25301,39.9361285909,0.00042008,1.26753004428e+14,38328,
2017-12-20,217608343.118,52029,3976420000.0,40.37,920793000.0,24298.75,40.8853805152,24242,41.0578800691,0.00042,1.27770425101e+14,38117,
2017-12-21,276132427.388,54486,4321050000.0,43.86,825239000.0,24064.25,40.9386850098,25643,44.8715641173,0.00042,1.24571192471e+14,41347,
2017-12-22,268484746.59,46685,4180300000.0,42.42,817384000.0,24393.75,32.0391744209,22744,43.7612838796,0.00042,1.25163415418e+14,36626,
2017-12-23,259643245.417,51905,3109180000.0,31.54,385223000.0,23951.25,43.5489683274,28349,31.7596369904,0.00062506,1.23940951474e+14,40236,
2017-12-24,128216257.426,50578,3253910000.0,33.0,316553000.0,24350.25,47.6816049812,28062,33.1360439229,0.00072326,1.21176104991e+14,39757,
2017-12-25,100894402.921,43781,3047860000.0,30.91,258235000.0,24164.75,38.9139367736,20236,31.3092681792,0.00042,1.20173766427e+14,31933,
2017-12-26,131232957.512,44721,3201840000.0,32.46,317646000.0,24191.75,43.5510379421,20970,33.0584744334,0.00042,1.16004466056e+14,34006,
2017-12-27,158949780.824,43386,3239130000.0,32.83,217743000.0,24481.25,29.9836049295,22653,33.5208421009,0.00042,1.17137602883e+14,34888,
2017-12-28,87411878.5577,39575,3173780000.0,32.16,307104000.0,24081.0,29.2865724748,20255,32.5793229197,0.00042,1.16712949502e+14,31083,
2017-12-29,107623106.76,48350,2926400000.0,29.65,239663000.0,24502.5,37.8477242421,23803,30.0492901645,0.0004216,1.18712067807e+14,34967,
2017-12-30,105436313.384,44232,2965900000.0,30.04,241645000.0,23729.5,33.9354444627,20601,30.4505857695,0.00042,1.17080347178e+14,32651,
2017-12-31,87866911.4361,40115,2640600000.0,26.74,169331000.0,23769.5,29.5801700205,19738,27.2073328408,0.00042,1.11866190965e+14,30490,
2018-01-01,114823018.806,41373,2770760000.0,28.05,870413000.0,24441.75,30.8531771276,20362,28.6357765498,0.00042,1.10844527999e+14,31898,
2018-01-02,196759884.746,62339,3405130000.0,34.46,615984000.0,24447.25,49.3632123497,24586,34.715129779,0.000462,1.12609022856e+14,49750,
2018-01-03,150710281.53,50478,3450400000.0,34.91,910507000.0,24284.25,39.7972280918,25019,36.8869155834,0.00042,1.15193888715e+14,40214,
2018-01-04,163307248.439,49718,3404930000.0,34.44,1733940000.0,24064.25,43.4289656564,25866,37.6776990618,0.00042,1.12787034026e+14,41281,
2018-01-05,290327238.873,74991,3576720000.0,36.17,517583000.0,24096.5,59.3247328543,33075,38.5377173554,0.000441,1.12708089093e+14,60526,
2018-01-06,383018795.276,65760,3591720000.0,36.31,362469000.0,23878.25,55.9161341874,28266,36.7556279097,0.000433388088441,1.09173179507e+14,52268,
2018-01-07,197216009.847,59868,3802870000.0,38.44,423276000.0,24300.0,53.7019267154,29460,42.5078574542,0.00042,1.084499961e+14,46686,
2018-01-08,238911784.641,62393,4069110000.0,41.12,798928000.0,24213.5,54.6264706077,27403,42.3178009198,0.00042,1.0744724489e+14,49273,
2018-01-09,218217904.504,63156,3374260000.0,34.09,808371000.0,23959.25,63.2351206615,25364,34.7853540569,0.00046896,1.05970161569e+14,48945,
2018-01-10,259277330.868,67803,3774740000.0,38.13,862859000.0,23774.75,55.697096098,27705,38.5110130932,0.000546,1.0219641038e+14,55131,
2018-01-11,234894190.467,53664,3654630000.0,36.91,586658000.0,24063.0,47.1266884869,23449,37.3080878708,0.00042,1.01879883696e+14,42129,
2018-01-12,202050232.561,59759,3274750000.0,33.06,536064000.0,23996.25,48.0969228977,21075,33.1096875941,0.00060632,1.00182741283e+14,49082,
2018-01-13,364944580.349,48251,3584650000.0,36.18,876581000.0,24182.5,38.9289569844,23201,37.1997249786,0.00042,9.75950308735e+13,39928,
2018-01-14,258571667.517,56007,4250660000.0,42.89,1314400000.0,24238.25,53.4736559224,26994,44.5966169461,0.00042,1.00002755979e+14,41272,
2018-01-15,300141406.074,50897,4230510000.0,42.68,615007000.0,24076.0,46.0042058383,22970,43.172951866,0.00042,1.03476163781e+14,38357,
2018-01-16,201742679.429,45595,4014070000.0,40.49,699985000.0,23988.0,35.6301452407,22520,41.5063285577,0.00042,1.05340797962e+14,35415,
2018-01-17,144887579.814,43424,2814880000.0,28.38,598707000.0,24074.0,33.236336577,20880,28.902656225,0.00042,1.06680076565e+14,32548,
2018-01-18,213077396.611,46171,2900830000.0,29.24,455046000.0,24040.75,35.6834192913,21345,29.4949988236,0.00042,1.06375143438e+14,35486,
2018-01-19,99043475.0879,52069,2979260000.0,30.03,394037000.0,24160.75,39.3340646672,21384,30.108043754,0.000462,1.09466165049e+14,41931,
2018-01-20,103552290.113,49582,3184770000.0,32.09,418291000.0,23539.5,37.9588099674,20779,32.1385024305,0.000426661181751,1.04884719653e+14,40188,
2018-01-21,101508734.396,38667,3523310000.0,35.49,381507000.0,24118.0,28.050365879,20038,35.6767604466,0.00042,1.05362322303e+14,30350,
2018-01-22,120186175.362,52135,3037400000.0,30.59,321230000.0,24096.5,37.4238359714,21362,30.6665754767,0.00042,1.06087474824e+14,41984,
2018-01-23,190831391.32,48601,2907490000.0,29.28,230031000.0,23881.25,34.5813223877,20749,29.4068090448,0.00042,1.06972024456e+14,39160,
2018-01-24,56896045.6931,42529,2828350000.0,28.47,187789000.0,24223.75,31.0357124605,19954,28.735095725,0.00042,1.04302861973e+14,32756,
2018-01-25,61298654.5353,48567,2969790000.0,29.89,162749000.0,23989.0,40.8369061854,19821,29.9931504052,0.00042,1.03526246546e+14,37633,
2018-01-26,102592253.236,46094,2892380000.0,29.1,198045000.0,23840.25,33.5485186749,19255,29.1993075685,0.00042,1.08298238191e+14,36427,
2018-01-27,50227001.6932,39209,2858610000.0,28.76,127839000.0,24470.0,35.224103967,17767,28.9148513009,0.00042,1.08277022809e+14,28445,
2018-01-28,73821699.3465,40981,2945280000.0,29.62,350799000.0,23852.5,32.9823464016,19717,29.8538042466,0.00042,1.1037987586e+14,31337,
2018-01-29,84258034.3923,45123,3303240000.0,33.21,197076000.0,24146.25,28.0190306713,19440,33.3445638404,0.00042,1.09267395548e+14,36013,
2018-01-30,72248608.031,44892,3160490000.0,31.77,235160000.0,24024.75,29.6909690138,17929,31.8647781914,0.00042,1.1047935613e+14,36083,
2018-01-31,71729685.7431,47075,2707440000.0,27.21,271852000.0,23618.25,34.702135984,18475,27.2485135782,0.0004216,1.09337040353e+14,38581,
2018-02-01,78981317.6624,48897,2863780000.0,28.77,251254000.0,23683.25,28.0574280137,23693,28.8978619356,0.00042,1.12322132484e+14,41844,
2018-02-02,83495878.6782,50904,2484190000.0,24.95,340095000.0,23722.5,33.4239395769,21102,25.0140386,0.000447987875265,1.0885373707e+14,41088,
2018-02-03,37623524.416,36234,2305470000.0,23.15,179081000.0,23340.5,21.6901335966,17535,23.3035038336,0.00042,1.10011234464e+14,28364,
2018-02-04,38509881.0685,34721,2409210000.0,24.19,218348000.0,23269.75,25.6612113147,16454,24.3517468806,0.00042,1.06103645138e+14,26444,
2018-02-05,122917944.747,36676,2068330000.0,20.76,171500000.0,23976.75,22.3489725558,17085,20.925373122,0.00042,1.05364381192e+14,28272,
2018-02-06,35328546.1435,36130,1669530000.0,16.75,318212000.0,23697.75,21.6301798618,16986,16.8733069572,0.00042,1.06114940173e+14,27838,
2018-02-07,41333743.4799,34539,1912010000.0,19.18,212987000.0,23827.75,20.387779019,17214,19.30393617,0.00042,1.05739295957e+14,27642,
2018-02-08,40619218.8905,36328,1809300000.0,18.15,265155000.0,23407.0,23.2370874485,17038,18.2522058626,0.00042,1.07451676901e+14,26857,
2018-02-09,93091596.537,51566,2182530000.0,21.89,393049000.0,24394.25,30.790241254,30770,21.9668948372,0.00042,1.11710924841e+14,42797,
2018-02-10,79699928.4395,40699,2588640000.0,25.95,256181000.0,23723.25,24.1406138241,20318,26.220498648,0.00042,1.17206213376e+14,32470,
2018-02-11,81784942.6824,40498,2447400000.0,24.53,378189000.0,23923.75,25.1587662739,18956,24.6680925192,0.00042,1.185408986e+14,32384,
2018-02-12,107532703.37,42356,2425800000.0,24.31,541766000.0,24518.75,25.6286865061,20543,24.5071253732,0.00042,1.26410303915e+14,33606,
2018-02-13,268312158.81,60919,2982730000.0,29.88,1135950000.0,24628.5,35.6371025967,35197,29.9515571235,0.0004216,1.46855157496e+14,51291,
2018-02-14,174531766.856,56123,3426860000.0,34.32,1055340000.0,23731.75,32.0098314666,28900,34.5258801888,0.00042,1.6314891599e+14,47090,
2018-02-15,102663988.638,48689,3477970000.0,34.83,635228000.0,23500.25,132.732835648,24842,34.956352791,0.00042,1.51509253569e+14,39335,
2018-02-16,184173797.331,46996,3439180000.0,34.43,456754000.0,23950.0,26.6157412398,25609,34.5379041771,0.00042,1.52961220053e+14,38327,
2018-02-17,71234545.5879,55395,3493650000.0,34.97,418534000.0,22984.0,32.781600463,34062,34.9339882437,0.000427562215647,1.5277263444e+14,46950,
2018-02-18,87556512.1584,49839,3498390000.0,35.01,456829000.0,23643.5,29.5213989622,27906,35.115074532,0.00042,1.49647281081e+14,41162,
2018-02-19,126965762.942,49752,3467860000.0,34.69,992256000.0,23883.25,27.9418712633,25974,34.867318272,0.00042,1.60042169453e+14,40711,
2018-02-20,191329071.0,57597,3940010000.0,39.41,1175890000.0,23593.5,33.9023772951,31272,39.5671630786,0.00042,1.74617647775e+14,48533,
2018-02-21,303250634.129,50623,3807360000.0,38.07,904092000.0,23420.5,30.0145981703,26098,38.1790377175,0.00042,1.72444325403e+14,42214,
2018-02-22,277128032.814,45627,3646740000.0,36.46,711134000.0,23645.75,23.2429918898,24492,36.5221501314,0.00042,1.7368833877e+14,40140,
2018-02-23,123878477.508,49971,3251620000.0,32.5,1132690000.0,23561.0,25.3039675391,29237,32.5343429595,0.00042,1.73944639104e+14,44497,
2018-02-24,220369531.294,47837,3785310000.0,37.83,1324420000.0,23572.5,24.7141200223,26256,37.9271627088,0.00042,1.77424848907e+14,42288,
2018-02-25,113394253.264,54071,3861100000.0,38.57,685424000.0,23278.75,31.81321903,30948,38.6129286092,0.00042,1.79317538626e+14,46787,
2018-02-26,109034178.428,51721,3689630000.0,36.85,622099000.0,23555.0,29.8419653738,27558,36.9939777738,0.00042,1.77259537068e+14,42460,
2018-02-27,155525114.68,58900,3628860000.0,36.24,513290000.0,23383.0,32.4763186349,33550,36.2940357735,0.00042,1.73879336961e+14,50068,
2018-02-28,123617739.575,53549,3606200000.0,36.0,501651000.0,23403.0,29.572490076,28537,36.1683581154,0.00042,1.71872244577e+14,45405,
2018-03-01,151574232.369,62967,3370090000.0,33.64,514648000.0,23574.0,36.1112181362,34440,33.8844184844,0.00042,1.7422396999e+14,54575,
2018-03-02,196515485.298,59417,3382540000.0,33.75,556804000.0,23338.75,34.816542376,31404,34.021566675,0.00042,1.69437547406e+14,51239,
2018-03-03,229859813.125,74191,3086730000.0,30.79,699657000.0,23159.75,41.795045188,42790,32.1067662516,0.00042,1.62559405033e+14,65757,
2018-03-04,242044053.53,88610,2923270000.0,29.16,647562000.0,23334.5,50.9448059341,50117,37.0409991336,0.00042,1.57725851256e+14,79946,
2018-03-05,495334723.427,101933,2973110000.0,29.65,637222000.0,23261.25,287.11772242,61509,122.285264316,0.00042,1.56513671056e+14,90030,
2018-03-06,133903550.193,49526,2690760000.0,26.82,387811000.0,22038.0,39.4643569066,28025,27.0462098149,0.00042,1.55165575284e+14,40495,
2018-03-07,104699615.48,46434,2514490000.0,25.06,417289000.0,22658.75,29.9444273845,24599,25.1685515365,0.00042,1.48893980408e+14,37903,
2018-03-08,107572867.505,42962,2226360000.0,22.19,619477000.0,22694.25,24.3749744762,22268,22.2888509658,0.00042,1.51564530363e+14,35661,
2018-03-09,93910154.7397,45245,2279350000.0,22.71,499609000.0,21869.0,59.1955313396,25571,22.8821572061,0.00042,1.46390605771e+14,37593,
2018-03-10,59666036.0582,42836,2260360000.0,22.51,262771000.0,22385.0,134.524010079,21418,22.5818054847,0.00042,1.44047651193e+14,34608,
2018-03-11,43892454.6271,39503,2096350000.0,20.88,278368000.0,22274.0,148.56773035,18763,20.9487081151,0.00042,1.39846916581e+14,31877,
2018-03-12,70214516.0319,36495,2166290000.0,21.57,222694000.0,22378.25,117.289907059,19666,21.6203613291,0.00042,1.44157567832e+14,31469,
2018-03-13,75764251.532,43808,2055300000.0,20.46,178296000.0,22391.5,134.739279404,21931,20.5503725742,0.00042,1.40822779875e+14,34512,
2018-03-14,53003919.1701,47208,2004500000.0,19.95,201571000.0,22317.25,84.0091664164,24328,20.1048186626,0.00042,1.42379204747e+14,38949,
2018-03-15,67333350.2528,42917,1727880000.0,17.19,368178000.0,22159.75,26.6437000244,20964,17.2748743516,0.00042,1.41681671154e+14,34877,
2018-03-16,29217719.9221,38163,1859700000.0,18.5,201541000.0,22648.75,21.3442912302,18380,18.5530296264,0.00042,1.40629540758e+14,31027,
2018-03-17,30585342.0903,38236,1785600000.0,17.76,154703000.0,22297.5,21.4992025582,18369,17.8028632368,0.00042,1.40434560461e+14,30487,
2018-03-18,38659635.2285,36963,1634110000.0,16.25,233157000.0,22601.5,18.0395378335,19099,16.296963302,0.00042,1.44379100003e+14,32025,
2018-03-19,64259839.8658,43745,1701120000.0,16.91,315268000.0,22722.25,27.3918662677,20656,16.9682345184,0.00042,1.46889338803e+14,34109,
2018-03-20,79991437.7979,42452,1973450000.0,19.61,432819000.0,22935.75,26.9713661839,20828,19.6781384483,0.00042,1.59836578452e+14,34971,
2018-03-21,57939566.619,41160,2041930000.0,20.29,295532000.0,22383.75,23.4859152287,20165,20.3334276,0.00042,1.60106221809e+14,33425,
2018-03-22,29925734.9329,39834,1992000000.0,19.79,242384000.0,22795.0,21.9921703152,18990,19.8242153968,0.00042,1.58130622766e+14,32333,
2018-03-23,40978383.2485,50326,1982260000.0,19.69,196326000.0,22021.75,77.310000393,18819,13.7998507488,0.0004216,1.63390246533e+14,31952,
2018-03-24,26871887.9739,38672,1926730000.0,19.13,137105000.0,21017.75,20.9811803191,18750,19.1614249874,0.00042,1.66858712351e+14,31434,
2018-03-25,19625769.9324,36555,1850480000.0,18.37,110957000.0,20963.75,19.8796637523,17803,18.3947754042,0.00042,1.65721634443e+14,29612,
2018-03-26,52816423.5397,42994,1823050000.0,18.09,189408000.0,21392.75,22.7849211476,21991,18.1495101254,0.00042,1.66928617991e+14,35422,
2018-03-27,29726636.8781,37102,1660910000.0,16.48,184083000.0,21061.5,20.6748540386,17646,16.5121855193,0.00042,1.62925475585e+14,29808,
2018-03-28,14415072.6542,36378,1599710000.0,15.87,144663000.0,21036.25,19.7960199346,17481,15.8967482849,0.00042,1.65631551437e+14,29372,
2018-03-29,34600449.2059,42779,1624140000.0,16.11,172103000.0,21388.75,22.5795133535,23287,16.1784501163,0.00042,1.64778347729e+14,35720,
2018-03-30,25762333.5115,35963,1476720000.0,14.64,171606000.0,21108.5,19.9699440446,17773,14.6723292482,0.00042,1.6889565995e+14,29071,
2018-03-31,11049115.6728,34812,1452690000.0,14.4,123343000.0,21154.0,19.2675831357,16533,14.4264826954,0.00042,1.61325118581e+14,27884,
2018-04-01,20776570.4723,34321,1453370000.0,14.41,122407000.0,21079.5,18.7276602858,16806,14.442891274,0.00042,1.63994616789e+14,27412,
2018-04-02,21026707.6472,36297,1374140000.0,13.62,123715000.0,20947.75,19.9457181947,17408,13.6505351008,0.00042,1.60495132995e+14,29231,
2018-04-03,25101855.4245,39872,1428840000.0,14.16,140058000.0,21218.5,21.247468342,19156,14.1872816833,0.00042,1.61883021103e+14,32432,
2018-04-04,18601530.1149,36269,1526030000.0,15.12,106000000.0,21236.25,21.4372421031,17182,15.1531887731,0.00042,1.6431319299e+14,29408,
2018-04-05,21290043.8789,39359,1377950000.0,13.65,97405600.0,20984.25,20.6538276159,19604,13.6855770401,0.00042,1.6749048464e+14,32429,
2018-04-06,15062616.4481,34332,1382250000.0,13.69,84228500.0,21546.0,19.6627655448,16183,13.7167778453,0.00042,1.7090687323e+14,27693,
2018-04-07,9925606.20862,34373,1328390000.0,13.15,79211100.0,21285.5,18.1094217312,16161,13.1750393606,0.00042,1.68757738324e+14,27848,
2018-04-08,11741012.1001,35281,1360980000.0,13.47,95690300.0,21087.75,18.9169603792,16254,13.4940226339,0.00042,1.67436508999e+14,28509,
2018-04-09,15582735.3437,35632,1429250000.0,14.14,94279200.0,20883.25,19.4285988845,16712,14.1687869389,0.00042,1.59298024526e+14,28974,
2018-04-10,10245996.8427,34534,1380040000.0,13.65,73476000.0,20926.5,19.934814398,16487,13.6789904862,0.00042,1.57882624774e+14,27784,
2018-04-11,22637905.743,40073,1383590000.0,13.69,104725000.0,20236.0,21.7851829838,21811,13.752807697,0.00042,1.64648781969e+14,33391,
2018-04-12,36077037.1718,36744,1472450000.0,14.56,211979000.0,18875.75,20.8631572607,17607,14.6082776059,0.00042,1.73007377582e+14,29872,
2018-04-13,31168035.4761,35766,1624100000.0,16.06,190710000.0,18743.0,20.5533273928,17621,16.1114415067,0.00042,1.66751254429e+14,29036,
2018-04-14,26685297.188,33398,1574710000.0,15.57,130820000.0,18606.5,18.9629787494,16484,15.6077289988,0.00042,1.68151481788e+14,27366,
2018-04-15,17897526.6209,34331,1626260000.0,16.07,121745000.0,18646.0,19.4802952865,16506,16.1217351152,0.00042,1.63675656713e+14,27926,
2018-04-16,24931118.7045,36122,1692760000.0,16.73,122772000.0,18760.75,23.3045671423,17799,16.7798753395,0.00042,1.65311517491e+14,29170,
2018-04-17,19485656.5124,34949,1635150000.0,16.16,133100000.0,18681.75,21.4655228231,17006,16.2103737316,0.00042,1.65659944505e+14,28134,
2018-04-18,101085761.693,35180,1627470000.0,16.08,200759000.0,18587.5,20.8467123256,17402,16.1423214134,0.00042,1.66643850285e+14,28558,
2018-04-19,25516926.6174,36314,1784400000.0,17.63,172275000.0,18985.75,22.745049699,17689,17.6901475394,0.00042,1.65441899678e+14,29238,
2018-04-20,46498148.8163,34939,1865060000.0,18.42,256292000.0,18489.25,20.5654238853,17571,18.4893947349,0.00042,1.641966694e+14,28204,
2018-04-21,48255436.647,36146,1994970000.0,19.7,216888000.0,18741.0,19.9906639613,17643,19.7826239334,0.00042,1.63196576068e+14,28506,
2018-04-22,25134480.169,34883,1890450000.0,18.66,157018000.0,18315.25,20.084135039,16541,18.7291481777,0.00042,1.59914756565e+14,26842,
2018-04-23,68087158.1596,38373,1901750000.0,18.77,278155000.0,18327.5,21.570369602,18674,18.8540051408,0.00042,1.54513096226e+14,29776,
2018-04-24,53026609.8961,51463,2075610000.0,20.48,320566000.0,18415.75,28.8987597267,19587,20.4853920419,0.00042,1.57234473064e+14,42647,
2018-04-25,67724393.5495,37668,2240520000.0,22.11,358536000.0,18381.75,21.3104415958,17415,22.2210999276,0.00042,1.54326719391e+14,28759,
2018-04-26,51626299.2689,36726,1885290000.0,18.6,280514000.0,18261.75,18.6604308341,16950,18.682477116,0.00042,1.54050390499e+14,27940,
2018-04-27,46299130.5249,35200,2129760000.0,21.01,273598000.0,18520.0,16.1597052977,17033,21.0980823256,0.00042,1.56730943923e+14,27508,
2018-04-28,64026982.6506,32521,2086050000.0,20.57,246409000.0,18349.75,12.5774030093,16404,20.6407042397,0.00042,1.5389208136e+14,27280,
2018-04-29,35170610.4165,33066,2202630000.0,21.72,271380000.0,18353.0,13.8353427975,16978,21.7770578865,0.00042,1.53758675809e+14,27554,
2018-04-30,66681452.5335,35683,2215850000.0,21.84,351049000.0,18416.75,17.0713215962,17369,21.9116410968,0.00042,1.53560257645e+14,27923,
2018-05-01,64526984.1781,32626,2217660000.0,21.86,210025000.0,18484.0,14.0104962314,15685,21.9193441585,0.00042,1.51788488243e+14,26270,
2018-05-02,28221386.2858,35454,2187620000.0,21.56,193015000.0,18316.0,16.0276509514,16828,21.5918873379,0.00042,1.56191666508e+14,29054,
2018-05-03,60693030.3854,33775,2196840000.0,21.64,370437000.0,16330.25,20.1372499512,17579,21.7230775306,0.00042,1.75635938838e+14,27352,
2018-05-04,42991590.9059,30485,2306220000.0,22.72,299227000.0,15510.5,13.9128003518,15571,22.7865967252,0.00042,1.78102133173e+14,24671,
2018-05-05,25160797.6874,28537,2271180000.0,22.37,263167000.0,15686.75,12.4086712216,14670,22.4249247326,0.00042,1.76357190634e+14,23063,
2018-05-06,78784867.4467,36718,2309100000.0,22.74,666932000.0,15441.25,16.6882479113,17707,22.7913236115,0.00042,1.77048619252e+14,30628,
2018-05-07,62364089.282,34481,2585240000.0,25.45,411630000.0,15472.0,15.6958403969,18174,25.4993143974,0.00042,1.76943835142e+14,28088,
2018-05-08,44907185.0143,29857,2402290000.0,23.65,257409000.0,15438.5,13.8921812334,15214,23.7262845812,0.00042,1.7587737657e+14,23999,
2018-05-09,73354961.7482,39233,2278440000.0,22.43,293584000.0,15089.0,18.1479071604,22916,22.6703941667,0.00042,1.68720327781e+14,33462,
2018-05-10,30709782.608,31474,2186100000.0,21.51,225995000.0,15323.25,14.7063305464,15974,21.602152447,0.00042,1.70364393395e+14,25916,
2018-05-11,68985518.5024,34160,2009790000.0,19.78,354950000.0,15209.5,16.2751868047,16710,19.9100816804,0.00042,1.65742432502e+14,28100,
2018-05-12,25840416.1726,29600,1807750000.0,17.79,258037000.0,15295.0,15.7946938814,14316,17.8428000886,0.00042,1.68829984129e+14,23796,
2018-05-13,12104939.1654,32637,1841880000.0,18.12,201048000.0,15263.25,27.4771297694,15162,18.136193778,0.00042,1.68681949532e+14,24478,
2018-05-14,17467934.725,32393,1911090000.0,18.8,221006000.0,15257.75,22.1323827692,14882,18.8264484056,0.00042,1.67986691294e+14,27376,
2018-05-15,20161015.7853,36244,1907540000.0,18.76,239530000.0,14752.25,18.8579265649,15458,18.7691485645,0.00042,1.6137174015e+14,30337,
2018-05-16,25689487.8326,36529,1850440000.0,18.2,204932000.0,15172.75,22.6701391027,18924,18.2094672785,0.00042,1.6008859115e+14,29726,
2018-05-17,16167807.2205,33619,1806670000.0,17.76,166820000.0,14872.5,19.4946022424,16145,17.7797549468,0.00042,1.60233584409e+14,27298,
2018-05-18,26904905.6888,30728,1722350000.0,16.93,178787000.0,14852.0,19.3246347883,14140,16.9518724966,0.00042,1.59218822167e+14,24218,
2018-05-19,8185072.16334,27841,1831250000.0,18.0,148970000.0,14865.5,13.5860777411,13777,18.0291485463,0.00042,1.5331222945e+14,22303,
2018-05-20,7703174.47372,25527,1801200000.0,17.7,144931000.0,14877.75,13.1385360183,12631,17.7347792952,0.000252,1.56994933661e+14,20081,
2018-05-21,8016055.99864,28162,1851050000.0,18.19,125063000.0,14694.75,16.353997083,13868,18.217521561,0.00042,1.5375335806e+14,22169,
2018-05-22,15124784.4816,30385,1799190000.0,17.68,133700000.0,14608.25,16.3612146882,14842,17.694054716,0.00042,1.53513109827e+14,24897,
2018-05-23,21157808.2893,29555,1679530000.0,16.5,172594000.0,14800.75,17.1983012253,14613,16.5239941758,0.00042,1.52661202985e+14,23546,
2018-05-24,11342373.6685,29582,1518060000.0,14.91,184862000.0,14478.0,18.9768511309,15490,14.9165028189,0.00042,1.48498287401e+14,21213,
2018-05-25,11531905.0113,25817,1601760000.0,15.73,141072000.0,14100.75,12.7383253011,12936,15.7576318011,0.00042,1.45360921778e+14,20065,
2018-05-26,8113876.31029,22289,1548210000.0,15.2,141441000.0,13675.5,9.22688797452,11234,15.2291459581,0.00021,1.45728632551e+14,17376,
