date,txVolume(USD),txCount,marketcap(USD),price(USD),exchangeVolume(USD),generatedCoins,fees,activeAddresses,averageDifficulty,paymentCount,medianTxValue(USD),medianFee
2016-11-01,11592612.4611,5588,2895110.0,1599.72,4802060.0,972.24066653,0.30023121,15724,73176.4627571,35890,1254.82556709,1.159e-05,
2016-11-02,11768232.0893,6922,3701650.0,1326.29,3936160.0,1165.93871891,0.41087831,19183,88350.6341474,46342,1248.54285367,4.407e-05,
2016-11-03,10083564.8869,6844,3728630.0,940.66,2783300.0,1369.4076097,0.55510851,20269,102690.4441,53458,857.092583974,8.708e-05,
2016-11-04,7872807.43287,7208,4734940.0,887.66,2469390.0,1613.23521831,0.33327751,21782,125429.544687,67212,796.174254143,1.159e-05,
2016-11-05,2928623.06509,3925,4167660.0,599.52,1984150.0,1799.58306901,0.3127255,19099,163863.301828,91492,182.917526818,0.0001,
2016-11-06,2513930.44254,3185,4422370.0,504.27,2390590.0,1987.56421187,0.33259283,18802,182194.161948,99627,51.1684029675,0.0001,
2016-11-07,3517578.8349,3730,3436850.0,319.23,1808930.0,2216.52474988,0.31756121,19570,163844.000224,98557,213.675578964,0.0001,
2016-11-08,1459869.25512,3024,3035070.0,233.78,2578200.0,2400.65442837,0.25680038,17642,167121.69529,86765,93.506447725,0.0001,
2016-11-09,2609039.81376,2857,5098610.0,331.69,3706020.0,2573.9037788,0.27552544,17840,175698.668923,86745,126.611555836,0.0001,
2016-11-10,2084341.09864,2436,4580450.0,254.94,1255400.0,2823.0773086,0.21644517,17171,213352.563567,84839,136.466990663,0.0001,
2016-11-11,1678838.98172,2466,4667530.0,224.67,1173130.0,3083.92528028,0.249479,17736,225900.276117,106292,146.599951921,0.0001,
2016-11-12,1507409.29727,2443,4372390.0,183.02,1167540.0,3188.85176279,0.56442918,19210,250962.758404,92425,173.071556237,0.0001,
2016-11-13,1255988.16676,2588,3875970.0,143.17,1401920.0,3479.2897819,0.97531374,20055,224999.764731,94365,197.349835985,0.0001,
2016-11-14,1284628.79871,2699,3594280.0,117.55,1418260.0,3670.65031568,0.62686131,18849,307449.184019,92446,172.985302231,0.0001,
2016-11-15,1015020.92137,2505,3600530.0,105.16,2030660.0,3946.53296927,0.61395575,18263,326567.155041,101681,133.63070292,0.0001,
2016-11-16,1211510.79234,2426,4190380.0,109.71,1443840.0,3966.81233667,1.33309286,20155,421672.143412,99314,222.015098991,0.0001,
2016-11-17,1145928.03285,3226,4107780.0,97.48,915597.0,4389.0324272,4.63911205,23261,421750.682866,103241,209.469568518,0.0001,
2016-11-18,1249188.77849,3087,4064910.0,87.33,1032890.0,4376.17352498,4.68496121,22924,410822.906144,101377,208.458860065,0.0001,
2016-11-19,965556.981862,2926,3622130.0,71.12,822655.0,4697.13650032,3.5167761,21917,418313.121573,107344,185.609904116,0.0001,
2016-11-20,866115.944356,2623,3632640.0,65.29,598211.0,4857.40378517,2.41914155,20068,499569.818967,112182,185.083305256,0.0001,
2016-11-21,696086.40306,2065,3627400.0,59.96,711312.0,5158.88574908,0.25070414,14491,446685.760074,116236,95.9522413652,0.0001,
2016-11-22,690352.823687,2014,3546160.0,54.01,1326320.0,5215.44288115,0.22120643,15300,451780.497652,107342,102.192871902,0.0001,
2016-11-23,837241.795247,2208,4077640.0,57.54,2391080.0,5592.63590798,0.23750097,15861,496627.02359,126057,68.0879894058,0.0001,
2016-11-24,1199613.33861,2570,5998180.0,78.43,4090150.0,5855.74328202,0.2835849,17158,621193.72806,137419,141.572284795,0.0001,
2016-11-25,1740797.62295,2325,7953550.0,96.64,3525760.0,5832.19318061,0.32477331,20085,739992.716534,143235,206.608535648,0.0001,
2016-11-26,1284890.68864,2201,8032700.0,91.13,1902290.0,6075.12975897,0.28283761,17987,738332.592239,136953,185.894287182,0.0001,
2016-11-27,1211014.39132,2502,7286500.0,77.33,1465100.0,6322.22644796,1.49714774,18139,720938.417818,139619,190.65138794,0.0001,
2016-11-28,1091915.09169,1993,6962100.0,69.26,1262350.0,6631.66592259,0.48979351,17185,765618.287913,129642,172.839053074,0.0001,
2016-11-29,1238421.95484,2295,7698550.0,71.84,1275680.0,6771.66503269,1.90292856,18698,780138.135569,141644,239.508252448,0.0001,
2016-11-30,1124709.5926,1892,7833490.0,68.76,1389900.0,6831.57400944,0.87701891,17630,820583.149367,137229,307.203739369,0.0001,
2016-12-01,1284202.38656,1965,8268910.0,68.46,1247650.0,7239.36008268,0.67513927,17656,815436.691194,143212,239.11179125,0.0001,
2016-12-02,1281357.36646,2060,8145410.0,63.63,1201460.0,7087.42407229,0.71098596,18086,913100.819113,138808,318.15,0.0001,
2016-12-03,1085805.10077,2348,8086360.0,59.85,837752.0,7162.11938463,2.56551105,19558,892999.462357,136551,234.302602433,0.0001,
2016-12-04,1020930.09166,1743,8458930.0,59.46,825231.0,7187.47466838,0.40813701,17795,874397.11123,134180,297.3,0.0001,
2016-12-05,1267617.25193,2198,8728140.0,58.39,1036500.0,7087.16389105,1.38852941,19192,900639.79555,138092,232.234664948,0.0001,
2016-12-06,1126393.31733,2081,7977960.0,50.97,1386070.0,7274.91308962,1.22480619,19236,813265.259388,120473,254.85,0.0001,
2016-12-07,889252.108994,1920,7982650.0,48.74,1479950.0,7112.46562591,0.49855696,18057,910737.048502,125107,156.168789304,0.0001,
2016-12-08,935657.798221,1795,9229090.0,54.0,797234.0,7212.48645433,0.45127236,17995,945593.048547,131459,238.24173816,0.0001,
2016-12-09,876105.634817,1699,9506630.0,53.38,674180.0,7099.99180828,0.29278854,17633,944179.598336,130846,266.9,0.0001,
2016-12-10,789478.886279,1641,9328520.0,50.35,539462.0,7199.98578187,0.21233283,17402,925451.144105,130056,251.75,0.0001,
2016-12-11,1073995.69183,1712,9544090.0,49.6,512219.0,7124.96304893,0.44823405,18699,934973.195447,129934,261.62512,0.0001,
2016-12-12,857062.083482,1619,9674570.0,48.48,650266.0,7149.97829847,0.20550523,17563,934555.273514,117716,242.4,0.0001,
2016-12-13,901339.959193,1780,10340500.0,50.02,600625.0,7199.9880056,0.23121227,17779,899702.583882,129366,255.191638341,0.0001,
2016-12-14,951695.361593,1807,10014600.0,46.82,801444.0,7162.46354769,0.228727,17764,963526.640107,120484,327.974104682,0.0001,
2016-12-15,888635.364433,1749,9817220.0,44.41,658957.0,7099.97570813,0.23790158,17398,895466.416784,115694,235.034284486,0.0001,
2016-12-16,694977.030329,1557,9235150.0,40.48,417793.0,7112.46030876,0.19328033,16544,901204.675712,119330,321.747184405,0.0001,
2016-12-17,766736.430605,1555,9464260.0,40.22,668641.0,7174.97555512,0.20303384,16450,848241.435229,106797,272.293351615,0.0001,
2016-12-18,607098.826655,1432,8685170.0,35.82,603727.0,7187.48068601,0.14830146,12632,845402.242971,111950,306.266962597,0.0001,
2016-12-19,965233.635494,1643,9123560.0,36.55,544746.0,7012.47347582,0.17773344,16423,865163.062982,113227,314.836489067,0.0001,
2016-12-20,1217430.30889,1868,8869190.0,34.55,1105810.0,7262.47768366,0.17723756,16827,823988.873912,115920,318.88432078,0.0001,
2016-12-21,1047223.96552,2066,9545130.0,36.17,892439.0,7174.94782,0.23435622,16878,875564.736054,116778,361.696383,0.0001,
2016-12-22,931667.530263,1921,9840030.0,36.29,2591110.0,7337.47920206,0.22310226,17951,875430.430569,118201,259.535193,0.0001,
2016-12-23,1222743.12324,2174,13371200.0,48.02,4812040.0,7199.98284307,0.20901676,19053,1036025.32177,119249,235.217415717,0.0001,
2016-12-24,934934.03049,1711,14847800.0,51.99,1362700.0,6937.45658899,0.18533969,18448,1052033.03849,117916,360.979276356,0.0001,
2016-12-25,864282.339537,1563,14195300.0,48.52,927218.0,7124.96898431,0.16814555,17702,1069329.90149,116548,420.917148454,0.0001,
2016-12-26,823018.199213,1527,13753700.0,45.89,896655.0,7224.97660735,0.17974831,17776,1062814.02381,118598,402.100588656,0.0001,
2016-12-27,1342948.4948,1747,13352300.0,43.5,1034630.0,7099.97494615,0.18886703,17656,1013919.46514,112640,428.88370947,0.0001,
2016-12-28,1357918.79485,2277,13824500.0,44.02,2236980.0,7274.94420765,1.5255014,20120,937383.421915,105451,207.46036176,0.0001,
2016-12-29,920621.622259,1718,15557400.0,48.43,1191160.0,7187.46957266,0.23913304,17618,1064334.24848,105416,236.697451303,0.0001,
2016-12-30,1786780.12671,1684,16595400.0,50.52,960167.0,7087.47453559,0.20197842,17425,1006240.83416,107250,433.692063146,0.0001,
2016-12-31,1008212.39571,1562,16941000.0,50.48,534660.0,7162.48123015,0.29235809,17387,1010963.4916,117357,425.850067993,0.0001,
2017-01-01,883360.409517,1540,16468900.0,48.05,530961.0,7162.48138148,0.20160658,17065,1047252.53479,111437,406.529385216,0.0001,
2017-01-02,843388.765394,1832,16919100.0,48.36,795244.0,7112.49058442,0.19023091,17511,1031935.54936,104469,150.922744939,0.0001,
2017-01-03,1084041.96716,1745,17880500.0,50.09,1131760.0,7175.0,0.35174514,17632,977728.062711,100914,260.559660192,0.0001,
2017-01-04,1144078.51199,1841,18137500.0,49.8,1998750.0,7212.5,0.39565199,17861,1017456.67946,104098,267.871238892,0.0001,
2017-01-05,1600623.73196,1892,21251900.0,57.22,2845970.0,7125.0,0.56333634,18174,1091163.35071,99479,326.023627091,0.0001,
2017-01-06,1275351.65495,1628,18845700.0,49.79,1202660.0,7037.5,0.21706135,17178,959189.389922,97134,313.149869287,0.0001,
2017-01-07,1389433.32139,1579,18393900.0,47.71,1084960.0,7275.0,0.19093855,17228,1031970.38464,100160,346.416934991,0.0001,
2017-01-08,1094030.86514,1545,18617800.0,47.39,831332.0,7187.5,0.20696218,17154,1113927.49335,102136,243.661674148,0.0001,
2017-01-09,932583.783047,1547,18441800.0,46.12,668273.0,7125.0,0.23520151,16944,1012313.88528,102976,191.648461117,0.0001,
2017-01-10,825445.72051,1532,18817000.0,46.22,749575.0,7075.0,0.21263227,17223,1105641.05203,103789,115.6641255,0.0001,
2017-01-11,1090044.57096,1471,18903600.0,45.63,1211260.0,7175.0,0.16045018,16594,1053791.35968,100256,353.354333132,0.0001,
2017-01-12,1175209.10954,1666,16884400.0,40.07,1387920.0,7187.5,0.20725452,17577,1024092.60573,100052,227.962985508,0.0001,
2017-01-13,1073789.80209,1565,18284300.0,42.66,691680.0,7312.5,0.1586971,17529,1098283.53627,110637,351.767946922,0.0001,
2017-01-14,800227.565849,1380,18834500.0,43.21,575149.0,7050.0,0.1621328,17230,1061045.72781,107579,383.689869649,0.0001,
2017-01-15,1079799.39859,1462,19324100.0,43.63,806839.0,6900.0,0.15319541,17555,971038.556435,101181,338.663707903,0.0001,
2017-01-16,1132150.83353,1568,20288200.0,45.1,667903.0,7337.5,0.16509648,17968,1052886.32361,112712,313.682934521,0.0001,
2017-01-17,1326794.00933,1545,19924600.0,43.58,1087180.0,7150.0,0.1975706,17493,1117114.37058,114411,357.287137935,0.0001,
2017-01-18,1821789.14323,1625,20774000.0,44.74,963419.0,7100.0,0.17326868,18093,1088781.01692,109977,391.476154739,0.0001,
2017-01-19,2276101.21299,1601,20688300.0,43.89,589695.0,7175.0,0.19338868,17599,1135924.60924,105850,418.187550581,0.0001,
2017-01-20,1288762.07871,1705,21162900.0,44.22,682880.0,7250.0,0.19810528,17679,1057571.22071,102998,312.977770255,0.0001,
2017-01-21,1424291.05307,1713,21181600.0,43.6,691633.0,7137.5,0.41824096,18077,1087940.81118,105545,217.999901464,0.0001,
2017-01-22,997993.653218,1546,21444100.0,43.5,812956.0,7162.5,0.1826384,17568,1082749.198,108370,320.398266465,0.0001,
2017-01-23,1978397.70815,1642,21673400.0,43.34,611189.0,7000.0,0.21839403,17646,1153628.09132,106882,264.854763252,0.0001,
2017-01-24,1456861.02004,1807,21641900.0,42.67,661979.0,7337.5,0.36420389,18208,1065338.28726,107039,118.558647911,0.0001,
2017-01-25,1572383.60059,1778,21303700.0,41.41,831920.0,7100.0,0.16385395,17729,1095612.0451,98570,139.787395367,0.0001,
2017-01-26,1203133.63482,1862,20909800.0,40.09,1161820.0,7100.0,0.18859351,17733,1028961.49536,101394,84.184991,0.0001,
2017-01-27,1079348.59049,1734,20464400.0,38.71,939370.0,7125.0,0.19545577,17259,1032988.75155,96697,262.903635749,0.0001,
2017-01-28,1007768.82025,1645,20487000.0,38.23,571993.0,7137.5,0.21743925,16914,1113665.64467,95996,190.759604415,0.0001,
2017-01-29,862744.617341,1806,20775300.0,38.26,890475.0,7175.0,0.19135336,16842,1025238.80001,91529,63.1504256,0.0001,
2017-01-30,1004067.97514,1783,21264100.0,38.65,764947.0,7162.5,0.17957787,17007,959887.705476,92929,67.0405905595,0.0001,
2017-01-31,1028306.6811,1800,22181100.0,39.8,973401.0,7150.0,0.18561293,16957,1025594.05799,93643,64.18546,0.0001,
2017-02-01,861338.021004,2064,22332800.0,39.57,635382.0,7112.5,0.20140283,17093,973142.923539,92663,12.1615114647,0.0001,
2017-02-02,832823.798858,1757,22811500.0,39.91,678128.0,7100.0,0.23694212,17182,973513.385644,99602,79.6916398616,0.0001,
2017-02-03,900177.359442,1685,22712100.0,39.25,843232.0,7300.0,0.19525484,16685,1007119.61564,95821,228.109200273,0.0001,
2017-02-04,4430740.4821,1767,22873800.0,39.04,635301.0,7062.5,1.15896284,16869,1023570.47208,98897,312.72230681,0.0001,
2017-02-05,850953.216261,1475,23346500.0,39.37,615852.0,7262.5,0.1953409,16240,1075763.67782,94167,354.587937279,0.0001,
2017-02-06,806546.353932,1766,22919200.0,38.18,639128.0,7175.0,0.33149424,16914,987042.357232,94460,57.5927046142,0.0001,
2017-02-07,1592018.18532,2460,22856400.0,37.63,966072.0,7087.5,0.82136302,18010,957810.65079,108185,269.755627428,0.0001,
2017-02-08,833864.111552,2299,22402200.0,36.45,951820.0,7175.0,0.54194697,15865,921701.808494,98009,145.8,0.0001,
2017-02-09,922049.811626,1833,21961100.0,35.32,1148210.0,7150.0,0.22068468,16492,984813.126906,94261,145.126664114,0.0001,
2017-02-10,834582.152951,1795,20974100.0,33.35,602423.0,7100.0,0.21444569,16173,1032251.17824,98960,114.313066303,0.0001,
2017-02-11,699512.957769,1599,20803800.0,32.71,521365.0,7212.5,0.19227483,15868,934574.322079,94380,258.799914593,0.0001,
2017-02-12,789192.336427,1524,21034500.0,32.7,515968.0,7075.0,0.24304983,15897,961868.154376,95590,295.583796768,0.0001,
2017-02-13,956812.092334,1698,20493800.0,31.52,771020.0,7262.5,0.20842738,16016,983389.939208,92122,265.733160682,0.0001,
2017-02-14,815592.930343,1491,19988100.0,30.4,750407.0,7100.0,0.16905374,15679,931258.632833,92846,249.921128096,0.0001,
2017-02-15,1296761.06849,1616,21469300.0,32.3,852288.0,7212.5,0.1919589,15716,953772.928677,94644,292.70022272,0.0001,
2017-02-16,777404.484881,1572,22549000.0,33.56,679495.0,7150.0,0.1886054,15832,915614.626202,96621,265.3122716,0.0001,
2017-02-17,646953.992434,1500,22094500.0,32.54,495639.0,7225.0,0.20270526,15789,989616.207878,97881,277.990849278,0.0001,
2017-02-18,840383.516579,1535,22025200.0,32.1,638843.0,7225.0,0.21543009,15794,1015530.80603,103968,302.534472432,0.0001,
2017-02-19,617650.326005,1429,21350900.0,30.79,515481.0,7012.5,0.18978349,15390,969780.944822,91060,282.212635186,0.0001,
2017-02-20,774675.489373,1545,21434000.0,30.6,556168.0,7225.0,0.20420054,15609,1029680.64595,93061,269.567131428,0.0001,
2017-02-21,790051.938144,1510,21859000.0,30.89,685559.0,7237.5,0.18601446,15155,930509.906277,94260,252.879032134,0.0001,
2017-02-22,1024425.25566,1773,21400000.0,29.93,1044580.0,7062.5,0.21753628,15846,1056838.33568,100497,232.575227365,0.0001,
2017-02-23,1407937.08263,1874,19626800.0,27.18,1441340.0,7100.0,0.22088447,15585,911130.432888,95170,232.090317077,0.0001,
2017-02-24,1579460.03678,1772,21953500.0,30.11,1180920.0,7237.5,0.18104941,15560,903272.915732,93167,301.051163688,0.0001,
2017-02-25,1308373.48361,1487,22177700.0,30.12,508970.0,7087.5,0.16891773,15016,974460.128651,92700,289.826152466,0.0001,
2017-02-26,1377309.03563,1617,21661100.0,29.14,505969.0,7262.5,0.18191656,15174,945927.540702,95744,291.394172,0.0001,
2017-02-27,1372603.44083,1952,22047100.0,29.37,2214690.0,7137.5,0.24761283,15619,1013365.57285,90791,266.614426208,0.0001,
2017-02-28,1387698.9071,2082,27596000.0,36.42,2551690.0,7150.0,0.34874199,16655,961428.070064,97018,218.88026664,0.0001,
2017-03-01,1957294.4282,2570,28517700.0,37.28,2376490.0,7262.5,0.62638782,19153,967965.099221,99722,262.501542166,0.0001,
2017-03-02,3100365.193,2299,32105400.0,41.58,2385790.0,7062.5,0.32358203,17658,953131.420686,101629,350.490494,0.0001,
2017-03-03,2408735.2519,2087,30944900.0,39.71,2223230.0,7225.0,0.28838474,16934,938013.791002,105069,354.585906544,0.0001,
2017-03-04,1601089.73059,1804,32919300.0,41.86,1619630.0,7225.0,0.23170131,16670,953357.935727,99528,406.088046,0.0001,
2017-03-05,1157823.98275,1685,33074800.0,41.67,802597.0,6987.5,0.20842137,16425,936015.640362,103955,356.567808143,0.0001,
2017-03-06,1706263.67842,1895,31577900.0,39.44,1250700.0,7225.0,0.25689042,16875,955977.575778,106298,350.600602933,0.0001,
2017-03-07,1745093.96462,1779,32420300.0,40.13,1051440.0,7200.0,0.23145377,16170,981016.570184,99992,341.689060046,0.0001,
2017-03-08,1926969.23132,1825,30997800.0,38.03,1056640.0,7125.0,0.34788011,16838,980781.768714,106048,370.202197199,0.0001,
2017-03-09,1542701.32608,1672,29399200.0,35.75,891767.0,7162.5,0.24269755,16354,966814.350498,101082,306.71252612,0.0001,
2017-03-10,1967898.46987,1903,30440700.0,36.7,1938790.0,7212.4999,0.28251895,16716,991466.371709,104649,366.99266,0.0001,
2017-03-11,2130618.18894,2059,29530600.0,35.3,1681810.0,7237.5,0.34589876,17471,994056.379984,107066,345.450002818,0.0001,
2017-03-12,1814038.20851,1972,33651900.0,39.88,1838160.0,7012.5,0.32590924,17290,970746.779839,103612,350.555736296,0.0001,
2017-03-13,4887628.4454,2507,34184000.0,40.17,5846470.0,7237.5,0.35105409,18189,930571.392235,104143,334.276045284,0.0001,
2017-03-14,2105776.7007,2386,40972200.0,47.75,2372830.0,7187.5,0.30308766,17343,968526.848524,107433,170.182094908,0.0001,
2017-03-15,2310544.33635,2484,38990000.0,45.06,2480490.0,7025.0,0.45738254,17065,839957.753255,95946,142.345369104,0.0001,
2017-03-16,3314586.6953,2474,39820700.0,45.65,3945410.0,7137.5,0.66749812,17562,819283.671793,103558,392.61037816,0.0001,
2017-03-17,4814904.5439,2970,43205000.0,49.12,5088250.0,7137.5,0.81966666,17601,757793.158542,103513,248.952590307,0.0001,
2017-03-18,9513466.87788,4543,42797100.0,48.27,27275200.0,7312.5,1.45792666,20948,870024.18299,105549,324.562671343,0.0001,
2017-03-19,8243486.27639,3802,56746400.0,63.48,13536800.0,7175.0,1.69961276,21584,1041552.88079,108155,207.47001892,0.0001,
2017-03-20,10314736.8626,3582,63138900.0,70.07,7465190.0,7137.5,1.20467392,20001,1032619.60293,108915,350.34664645,0.0001,
2017-03-21,5952653.49731,3059,65476600.0,72.09,6927260.0,7237.5,0.87433509,18936,1012840.73743,100745,144.18,0.0001,
2017-03-22,3902252.20698,2817,60554100.0,66.15,4318140.0,7062.5,0.69632119,18366,1007656.70722,105273,140.755392225,0.0001,
2017-03-23,3005739.65407,2634,63969700.0,69.34,2369260.0,7262.5,0.76753773,18038,990160.686266,106631,104.408486579,0.0001,
2017-03-24,7584820.10668,2957,61898800.0,66.57,9363870.0,7050.0,0.78687224,18932,973527.921121,107734,200.567980788,0.0001,
2017-03-25,3479651.74133,2728,60684200.0,64.77,4535020.0,7225.0,0.72125959,18141,913461.085795,106900,203.067765441,0.0001,
2017-03-26,2233801.1174,2649,60007100.0,63.56,3128110.0,7237.5,0.66850939,18011,922133.431801,110356,82.0235628324,0.0001,
2017-03-27,3073203.65012,2586,57118900.0,60.04,3581290.0,7162.5,0.67275882,17853,891731.657075,107672,121.813096628,0.0001,
2017-03-28,3648837.15031,3068,52396100.0,54.67,9419650.0,7062.5,0.82384758,18448,886512.08165,104284,181.061071129,0.0001,
2017-03-29,2717560.19784,2520,62717300.0,64.96,2921400.0,7112.5,0.60738968,17884,866169.054905,105765,97.7278565984,0.0001,
2017-03-30,2802352.27617,2536,61533300.0,63.26,4462730.0,7175.0,0.66905191,17716,868334.56095,103428,98.8523078128,0.0001,
2017-03-31,4425891.61716,3192,65584900.0,66.93,6312930.0,7212.5,0.84745703,18510,896381.811983,103330,200.75352315,0.0001,
2017-04-01,2255946.6577,1996,69257500.0,70.17,3451690.0,7225.0,0.48436943,17170,869417.609218,103997,427.565066051,0.0001,
2017-04-02,2895766.74034,1954,64197700.0,64.57,4470820.0,7087.5,0.2442237,17613,938199.403698,104948,455.772957424,0.0001,
2017-04-03,4478564.17847,2082,64128500.0,64.04,4457090.0,7162.5,0.2737626,16558,916509.567082,99296,397.484250726,0.0001,
2017-04-04,2378709.08784,1886,64046000.0,63.5,5109820.0,7237.5,0.36954551,17804,869800.615511,103563,410.30957054,0.0001,
2017-04-05,2859328.32497,1895,63575400.0,62.59,5402150.0,7075.0,0.22741234,17775,922225.184146,97134,388.212743761,0.0001,
2017-04-06,2269825.37764,2079,60520700.0,59.17,5816800.0,7300.0,0.22263413,18032,880230.581966,108503,378.675006268,0.0001,
2017-04-07,1804081.57463,1989,59523300.0,57.78,3267540.0,7075.0,0.22999673,18255,857699.086271,113913,483.322348651,0.0001,
2017-04-08,4125253.65151,2213,61741700.0,59.53,3732900.0,7300.0,0.32553643,18834,953269.107541,120247,456.347386741,0.0001,
2017-04-09,3876780.58046,2529,66355600.0,63.53,10584900.0,7212.5,0.29584354,19157,1044906.13088,117900,430.229842161,0.0001,
2017-04-10,2377124.35848,2495,66021000.0,62.77,4183730.0,7100.0,0.36051309,19584,1048396.72943,110065,313.85,0.0001,
2017-04-11,3568596.20424,2082,68728500.0,64.91,3188750.0,7212.5,0.27408488,18435,997264.129659,111136,466.197576948,0.0001,
2017-04-12,3397181.40891,1993,65983600.0,61.9,3425370.0,7125.0,0.2481254,18277,1060614.69306,106181,539.909559729,0.0001,
2017-04-13,2280915.97539,2088,66613800.0,62.07,4322200.0,7125.0,0.24779981,18616,986282.035168,110320,388.130831291,0.0001,
2017-04-14,2731071.53735,2201,70014800.0,64.81,5898520.0,7175.0,0.29505904,18748,1007638.93918,106377,364.440471472,0.0001,
2017-04-15,4931974.57177,2553,78194200.0,71.91,8228310.0,7200.0,0.30473111,19523,1081020.21207,105718,468.251808041,0.0001,
2017-04-16,2729940.09253,2161,79847000.0,72.94,3777100.0,7225.0,0.28818262,19250,1086072.15527,108642,364.7,0.0001,
2017-04-17,4513299.4702,2369,78887900.0,71.59,3190330.0,7112.5,0.3932041,22381,1114833.64612,108483,290.884435023,0.0001,
2017-04-18,2851917.72098,2094,77913000.0,70.25,3733350.0,7200.0,0.28554817,19482,1173247.00815,102424,268.602736625,0.0001,
2017-04-19,2379389.52104,2023,80124000.0,71.78,4692510.0,7125.0,0.24671899,19344,1113455.52318,111274,287.007364977,0.0001,
2017-04-20,3479508.72499,2242,79776500.0,71.02,5595750.0,7100.0,0.28151651,19694,1105222.51316,112386,454.2978952,0.0001,
2017-04-21,3154933.84389,2154,76077100.0,67.3,5144630.0,7300.0,0.24939958,19574,1111755.65507,112850,604.993306928,0.0001,
2017-04-22,4576063.30919,2052,77370200.0,68.0,4087150.0,7162.5,0.20468917,19287,1085420.48249,111152,642.88321456,0.0001,
2017-04-23,3149484.973,2075,78715800.0,68.75,2664960.0,7075.0,0.22809809,19811,1106569.49832,116484,549.5748775,0.0001,
2017-04-24,3571302.68716,2188,76673600.0,66.56,4159870.0,7387.5,0.2743654,20382,1123598.43103,116418,508.361222554,0.0001,
2017-04-25,3852299.8859,2039,78658500.0,67.85,4835280.0,6987.5,0.26508593,16153,1152119.80936,109728,537.254985211,0.0001,
2017-04-26,4586640.24843,2320,80642700.0,69.14,7519790.0,7287.5,0.29920471,20955,1171352.5894,113008,486.590982909,0.0001,
2017-04-27,5971689.72776,2404,84612600.0,72.1,9219590.0,7162.5,0.31262104,21131,1116330.26151,121554,468.63558,0.0001,
2017-04-28,8991071.75547,2272,90759600.0,76.86,10311300.0,7175.0,0.29714621,21406,1179880.06173,112622,523.137316124,0.0001,
2017-04-29,8738703.3038,2448,99875400.0,84.07,10732700.0,7125.0,0.28675942,21762,1252476.34315,121265,677.986568015,0.0001,
2017-04-30,5384221.80766,4379,114946000.0,96.18,11989300.0,7112.5,1.17249293,25069,1142175.97059,113969,76.1755419978,0.0002,
2017-05-01,20518169.9551,11050,112683000.0,93.73,19211300.0,7250.0,3.79758348,33049,1078748.61228,117344,237.956019592,0.00037062,
2017-05-02,21317349.3476,10951,109383000.0,90.44,9723680.0,7037.5,3.6668293,30085,1147149.02698,115662,242.520845319,0.00037063,
2017-05-03,15245606.4059,12780,111439000.0,91.61,8785360.0,7200.0,4.26359087,29363,1091131.52294,109299,288.076978227,0.00037063,
2017-05-04,18713885.6883,8324,111469000.0,91.09,9791100.0,7237.5,2.52404169,29228,1265540.17274,112694,451.318300611,0.00037061,
2017-05-05,14300862.8098,3587,122501000.0,99.52,12122500.0,7112.5,0.85282516,26075,1300764.9512,116858,571.587080131,0.0001,
2017-05-06,6704639.03166,2731,128578000.0,103.86,7489580.0,7262.5,0.58817486,24628,1243141.11647,115589,572.293546133,0.0001,
2017-05-07,7346457.18469,2320,134288000.0,107.83,9456320.0,7162.5,0.46194224,22831,1293928.07024,118935,686.093844446,0.0001,
2017-05-08,13868981.3005,2572,130349000.0,104.08,11574400.0,7200.0,0.56307155,22876,1303790.11127,118147,660.908,0.0001,
2017-05-09,11217300.4655,2822,133321000.0,105.84,12915800.0,7225.0,0.47716111,19245,1362256.68432,122279,976.577020171,0.0001,
2017-05-10,6771461.28563,2436,122197000.0,96.46,7670940.0,7150.0,0.44198392,23612,1292626.92962,131127,814.777156011,0.0001,
2017-05-11,7704142.98182,2610,123504000.0,96.94,7542780.0,7150.0,0.49242135,23542,1347378.80451,122576,621.987640719,0.0001,
2017-05-12,8122049.15566,2419,122184000.0,95.37,7739710.0,7200.0,0.47296871,18426,1335261.23695,114977,572.210355232,0.0001,
2017-05-13,3494278.72055,1946,125467000.0,97.38,4761440.0,7075.0,0.42902736,22724,1450644.02983,120612,561.60206867,0.0001,
2017-05-14,3735213.27992,1972,125286000.0,96.71,5258320.0,7225.0,0.47589685,18356,1457334.10022,114870,594.83154908,0.0001,
2017-05-15,9100172.26832,2362,126091000.0,96.79,6412220.0,7250.0,0.4904803,23408,1505017.80475,136642,417.151069677,0.0001,
2017-05-16,5648166.19352,2201,122524000.0,93.53,5421060.0,6950.0,0.42065328,23468,1488534.20807,115775,435.75627,0.0001,
2017-05-17,6720258.50358,2290,119361000.0,90.64,7980650.0,7175.0,0.42754071,23658,1395245.76063,119947,543.83979606,0.0001,
2017-05-18,8872744.00509,2312,122765000.0,92.72,6969390.0,7275.0,0.40021763,23469,1389519.01999,123636,554.249554055,0.0001,
2017-05-19,13838468.2012,2526,125961000.0,94.61,11538100.0,7137.5,0.35192224,23962,1506440.50055,115341,473.021617,0.0001,
2017-05-20,12890738.6801,2440,141697000.0,105.86,7298390.0,7237.5,0.37714615,23242,1456096.76969,123961,552.476743863,0.0001,
2017-05-21,10152468.7794,2519,145825000.0,108.36,11511500.0,7087.5,0.46140092,23482,1439725.2673,118196,374.2689384,0.0001,
2017-05-22,21347167.0719,4731,162935000.0,120.45,103976000.0,7275.0,0.74816816,28745,1520308.168,119224,390.021197709,0.0001,
2017-05-23,38564675.5377,4840,277175000.0,203.79,87792200.0,7225.0,0.50137466,30948,1757683.62915,133056,815.31863625,0.0001,
2017-05-24,20116399.5842,3472,326874000.0,239.06,51125500.0,7137.5,0.57473445,29600,1887611.58875,125295,446.900822307,0.0001,
2017-05-25,26341584.1247,3526,325697000.0,236.98,45598300.0,7300.0,0.53562401,29350,1855634.77739,124711,509.062617474,0.0001,
2017-05-26,17875398.4567,3305,306780000.0,222.02,30254100.0,7037.5,0.53878536,28949,1972954.71596,131699,571.701804167,0.0001,
2017-05-27,15990434.7992,3024,275981000.0,198.72,27968300.0,7187.5,0.8947427,29292,2077231.66901,128997,893.29329792,0.0001,
2017-05-28,13583251.4386,2977,267127000.0,191.36,17904800.0,7212.5,0.93887656,29356,1970193.67004,134608,489.609715712,0.0001,
2017-05-29,17860679.5407,3051,274861000.0,195.88,18855000.0,7150.0,0.81077821,30010,2101734.63647,140053,673.708240117,0.0001,
2017-05-30,16676108.4648,3406,290541000.0,206.01,35817600.0,7125.0,0.89056763,31060,2144107.26686,140897,452.183528311,0.0001,
2017-05-31,20069853.9802,3122,330973000.0,233.5,30347500.0,7162.5,0.80442476,30448,2068983.4604,133456,587.943489545,0.0001,
2017-06-01,33456997.173,3192,335810000.0,235.72,23902700.0,7062.5,0.82430074,31203,2192237.17763,130805,931.559881722,0.0001,
2017-06-02,23096074.1813,2885,356721000.0,249.16,15822200.0,7237.5,0.75436124,30538,1933515.97775,134195,781.90966133,0.0001,
2017-06-03,14698292.7001,2987,347532000.0,241.52,18667600.0,7187.5,0.9256659,31527,2109220.1986,133503,486.385054415,0.0001,
2017-06-04,12896029.2425,2783,331190000.0,229.02,15806600.0,7287.5,1.00919432,31880,2024658.11407,123436,458.04,0.0001,
2017-06-05,53212124.489,4054,347104000.0,238.82,43925100.0,7137.5,1.62751919,34983,2179636.27044,148174,709.574150704,0.0001,
2017-06-06,71730284.4862,3841,371267000.0,254.2,20436100.0,7112.5,2.98868333,36190,2171990.40549,146099,570.179766452,0.0001,
2017-06-07,72898912.1871,3988,380849000.0,259.5,50328900.0,7275.0,1.40602454,35959,2293916.9782,151671,783.214012125,0.0001,
2017-06-08,71108567.4966,3927,389903000.0,264.36,23372600.0,7125.0,2.44092319,36041,2426526.20973,139369,418.907719019,0.0001,
2017-06-09,30720741.6775,3123,402438000.0,271.55,16799000.0,7212.5,0.96365174,34778,2546786.76148,150470,311.485698982,0.0001,
2017-06-10,48987112.472,3859,418942000.0,281.31,38924900.0,7187.5,1.11000834,36637,2288632.28416,152247,373.764261557,0.0001,
2017-06-11,29977110.4452,4214,492266000.0,328.96,38020300.0,7100.0,1.441988,37637,2567760.06687,147171,329.84811305,0.0001,
2017-06-12,28685931.0888,4147,495788000.0,329.75,46398200.0,7225.0,1.40031561,39142,2507115.8539,152598,329.75,0.0001,
2017-06-13,56227521.7636,4668,470678000.0,311.55,44446100.0,7150.0,1.17697044,39033,2425602.08966,156921,315.026570873,0.0001,
2017-06-14,105800734.114,6470,558715000.0,368.09,101232000.0,7237.5,1.71893026,43216,2651481.14032,158808,368.09,0.0001,
2017-06-15,46869400.1889,5113,582192000.0,381.73,68123100.0,7187.5,1.53266488,42010,2721933.81956,152129,351.207441795,0.0001,
2017-06-16,58135221.3772,5169,606012000.0,395.48,38818700.0,7075.0,1.23110219,42825,2739500.3932,155727,271.016539484,0.0001,
2017-06-17,36537554.6739,4668,597978000.0,388.45,28059300.0,7212.5,1.24433778,43358,3009254.09464,174857,230.745891996,0.0001,
2017-06-18,43302988.1679,4379,598756000.0,387.14,19743700.0,7200.0,1.0495305,43607,2884289.02169,154630,195.697636269,0.0001,
2017-06-19,52203075.3592,4928,583207000.0,375.67,29471100.0,7100.0,1.03990331,40601,3110544.62544,157245,221.345763282,0.0001,
2017-06-20,58691315.0264,5979,610509000.0,393.26,66283200.0,7187.5,1.34916275,47756,3104740.06446,160240,333.128037001,0.0001,
2017-06-21,45513359.0588,4888,612054000.0,394.25,31746200.0,7262.5,1.19361136,47444,3225065.75429,161212,228.403935535,0.0001,
2017-06-22,27480017.3152,4079,588315000.0,378.96,29971100.0,7112.5,0.98956986,47791,3277506.18657,154756,189.48,0.0001,
2017-06-23,46962034.3687,4364,575399000.0,370.64,24419100.0,7200.0,0.91995519,48054,3412940.49087,169397,357.592111751,0.0001,
2017-06-24,37302389.4585,3960,591734000.0,381.16,22252900.0,7175.0,0.9971236,50489,3591198.19674,174594,281.179052445,0.0001,
2017-06-25,29545335.3833,4338,554006000.0,356.86,28035800.0,7062.5,1.14333182,52065,3541874.74406,172318,283.041721131,0.0001,
2017-06-26,34046294.7682,4518,503912000.0,324.59,36083400.0,7250.0,1.17682284,53488,3766411.0565,173721,324.59,0.0001,
2017-06-27,46116398.9079,4618,481606000.0,310.22,43883000.0,7287.5,1.14161468,54269,3486858.90373,169454,162.197856925,0.0001,
2017-06-28,30757858.9737,4028,508309000.0,327.43,29121800.0,7137.5,0.93378493,55154,3995784.87518,170843,174.376926278,0.0001,
2017-06-29,38646724.9481,3685,523837000.0,337.43,28494500.0,7150.0,0.92023189,54228,3923900.45182,173168,172.089384357,0.0001,
2017-06-30,25435048.9474,4002,494798000.0,318.72,37157600.0,7162.5,0.87566281,54056,4042798.08554,173035,120.71374345,0.0001,
2017-07-01,40452302.5489,4236,464819000.0,299.41,25718200.0,7212.5,0.86446781,53659,3760208.85474,173082,109.329100409,0.0001,
2017-07-02,11457840.6335,3964,438992000.0,282.77,24816800.0,7150.0,0.97185658,53324,3809525.49043,163501,107.499028006,0.0001,
2017-07-03,31946761.8736,4389,458593000.0,295.4,28546700.0,7137.5,1.26520338,55156,3949418.11209,172130,179.995789554,0.0001,
2017-07-04,16269475.32,4273,449337000.0,289.44,28509400.0,7162.5,0.97897421,56178,4194334.64038,180128,147.614449205,0.0001,
2017-07-05,20463695.0348,3863,435050000.0,280.24,38079400.0,7087.5,0.90352401,55135,3902209.69274,182922,140.12,0.0001,
2017-07-06,17709550.4676,4045,437232000.0,281.64,35396700.0,7237.5,1.06334922,55920,3815932.19717,181251,153.218485634,0.0001,
2017-07-07,11961659.6257,3368,443549000.0,285.71,38104000.0,7125.0,0.60278416,54525,4075003.62294,180463,139.804408617,0.0001,
2017-07-08,11164996.0948,3240,420155000.0,249.02,27224500.0,7287.5,0.80350129,51365,3940854.29026,170855,127.000227392,0.0001,
2017-07-09,17050080.5613,3390,426014000.0,252.5,17712900.0,7062.5,1.6671094,51571,4008877.50529,169095,126.25,0.0001,
2017-07-10,26502513.6145,3799,412809000.0,242.21,28200200.0,7337.5,0.82509856,50321,3921196.02741,165691,123.527121799,0.0001,
2017-07-11,18346606.1566,4481,338586000.0,197.8,37434800.0,7037.5,2.16023522,52739,4007268.14133,162545,198.838394616,0.0001,
2017-07-12,19033097.7421,4003,305980000.0,178.03,30152500.0,7125.0,1.08549731,48292,3894171.73338,150610,100.378248992,0.0001,
2017-07-13,21219535.0387,3770,369981000.0,214.37,27023600.0,7112.5,1.12796678,47533,4026540.73944,155192,109.328762167,0.0001,
2017-07-14,12917602.0216,3330,333293000.0,192.32,23103400.0,7200.0,1.01104003,48014,3812785.41141,150473,88.6843408192,0.0001,
2017-07-15,21863643.2556,3516,310131000.0,178.22,14327300.0,7175.0,1.1113855,47709,4007526.07432,158005,92.5497119414,0.0001,
2017-07-16,35612419.731,4703,279643000.0,160.04,20481600.0,7150.0,2.93381132,53952,4076793.68189,157693,95.1179303392,0.0001,
2017-07-17,24628619.0074,4730,290661000.0,165.66,28966300.0,7162.5,1.89703238,51494,4126683.23566,155949,82.83,0.0001,
2017-07-18,29591912.2941,4811,317907000.0,180.46,27904700.0,7200.0,2.05504351,49864,4146908.61462,161412,93.766095654,0.0001,
2017-07-19,38990000.7007,4682,352883000.0,199.5,21939800.0,7100.0,3.15888354,53783,4070314.71484,170281,156.536511915,0.0001,
2017-07-20,23451317.5619,4389,323865000.0,182.36,26033400.0,7200.0,2.70189686,54763,3928253.7742,169797,91.18,0.0001,
2017-07-21,38540639.3203,4042,374866000.0,210.22,20076700.0,7225.0,2.88913107,53394,4272862.21252,165492,107.212216818,0.0001,
2017-07-22,27177344.0467,3893,363481000.0,203.02,38717100.0,7150.0,2.58020353,47843,4156725.13485,158347,122.317596948,0.0001,
2017-07-23,45008720.3952,4105,390602000.0,217.3,24745700.0,7150.0,2.6832307,45650,4201373.97942,144620,186.4434,0.0001,
2017-07-24,31735467.49,3862,381901000.0,211.62,23279900.0,7212.5,2.58434038,47636,4309963.83597,150405,108.150849443,0.0001,
2017-07-25,29614043.2773,3709,380663000.0,210.09,24464700.0,7050.0,2.25132642,47013,3990711.43722,134474,105.448721549,0.0001,
2017-07-26,34008333.7899,3526,339929000.0,186.88,21283100.0,7212.5,2.3434892,47093,4122736.20962,148455,154.624248499,0.0001,
2017-07-27,25583184.65,3654,348236000.0,190.69,19482500.0,7175.0,2.24172204,52714,4055958.64183,162177,127.991015493,0.0001,
2017-07-28,28237949.217,3996,342935000.0,187.06,27546000.0,7137.5,2.82693016,52600,4477112.10734,163040,142.986613822,0.0001,
2017-07-29,17317848.5114,3510,324760000.0,176.46,31702400.0,7337.5,2.20526214,51652,4194039.54523,161712,118.512879389,0.0001,
2017-07-30,24863663.2929,3915,342048000.0,185.11,17966700.0,7000.0,2.99864726,47582,4193920.8116,152251,123.616470958,0.0001,
2017-07-31,20525581.5888,4229,325483000.0,175.48,28589500.0,7162.5,3.51961819,54795,4430934.40178,164198,104.472323335,0.0001,
2017-08-01,17842589.4807,4118,321995000.0,172.93,36659900.0,7087.5,3.23559328,48203,4342371.3936,151723,107.698002534,0.0001,
2017-08-02,27902639.1734,4372,355707000.0,190.31,28456000.0,7375.0,3.02878212,50021,4341706.12737,150401,131.461371219,0.0001,
2017-08-03,16622274.1825,3974,354510000.0,188.93,17505400.0,7012.5,3.5205713,48374,4084223.36174,144561,141.171777714,0.0001,
2017-08-04,23142000.1137,3901,355864000.0,188.94,18265500.0,7287.5,3.36190259,54799,4173562.52667,162850,136.918201321,0.0001,
2017-08-05,36643165.2102,4123,354682000.0,187.59,25450100.0,7075.0,3.17010437,47529,4278317.81294,139118,123.9894864,0.0001,
2017-08-06,31954253.2782,4722,390040000.0,205.52,17480000.0,7200.0,4.05921294,54438,4272613.18696,161256,158.49301636,0.0001,
2017-08-07,40737535.1542,4637,394300000.0,206.98,21607900.0,7200.0,3.81596929,50103,4258498.11187,147025,163.654538649,0.0001,
2017-08-08,41192168.4797,5578,400002000.0,209.18,39426100.0,7087.5,4.61991764,58416,4356835.91382,157569,143.869351837,0.0001,
2017-08-09,44387269.8021,5895,471948000.0,245.89,37956900.0,7137.5,5.26573758,56629,4318391.6879,152484,245.89,0.0001,
2017-08-10,61969282.3804,5448,467188000.0,242.51,20530400.0,7225.0,4.59061038,68332,4282437.64004,161116,247.890385062,0.0001,
2017-08-11,49265844.1133,4123,446761000.0,231.04,18765000.0,7150.0,3.12100629,52726,4453180.78641,157255,231.04,0.0001,
2017-08-12,39092954.7713,4375,454579000.0,234.22,20015900.0,7262.5,3.29373051,56893,4359728.77719,158258,182.224089853,0.0001,
2017-08-13,33100830.5406,4719,435089000.0,223.34,21036100.0,7162.5,4.11032217,53650,4537649.05529,140982,211.987147619,0.0001,
2017-08-14,57168213.4567,4817,419477000.0,214.54,18355900.0,7125.0,4.12437783,58094,4639217.82599,151782,196.496115445,0.0001,
2017-08-15,46032567.6618,4558,411977000.0,209.94,21171600.0,7187.5,3.71482991,50707,4291624.17343,142794,177.299475629,0.0001,
2017-08-16,51075016.698,4731,417382000.0,211.92,17198100.0,7162.5,3.55904284,51556,4515435.67659,156779,213.727681838,0.0001,
2017-08-17,178677289.308,4892,429048000.0,217.05,16505300.0,7112.5,3.46675065,52891,4428242.02705,152640,221.502140453,0.0001,
2017-08-18,156842273.349,4555,414480000.0,208.93,17564100.0,7200.0,3.46514044,56531,4413018.45068,150758,209.034465,0.0001,
2017-08-19,353591554.187,5918,401504000.0,201.65,34374700.0,7150.0,3.89743108,63921,4368235.29498,156182,264.018760031,0.0001,
2017-08-20,206610487.384,5379,463682000.0,232.05,30209100.0,7262.5,2.705694,56637,4501614.79357,149284,210.975945317,0.0001,
2017-08-21,82157227.9795,5494,483761000.0,241.22,33202000.0,7087.5,1.95183502,56853,4901276.54748,153713,248.445819878,0.0001,
2017-08-22,117448218.729,4711,482352000.0,239.67,26540900.0,7162.5,2.02609424,60907,4507871.71605,152668,287.580033,0.0001,
2017-08-23,76330039.1261,4015,458739000.0,227.13,19773800.0,7100.0,2.35782067,53404,4659548.96674,142565,146.058295024,0.0001,
2017-08-24,43756948.4085,4246,462350000.0,228.12,15371700.0,7225.0,2.24235847,53185,4840749.02899,151919,114.06,0.0001,
2017-08-25,54740131.3208,5151,463553000.0,227.9,28281900.0,7087.5,2.87864395,58395,4894361.70036,153996,102.453071725,0.0001,
2017-08-26,110389089.895,8026,487257000.0,238.72,65866400.0,7187.5,4.67727542,60240,4903320.33521,140457,611.454390579,0.0001,
2017-08-27,305685474.49,5405,599640000.0,292.75,35217900.0,7275.0,2.17938395,54352,5047109.06154,146921,288.838968318,0.0001,
2017-08-28,84734442.5634,5429,561634000.0,273.22,35210000.0,7150.0,3.25287168,62934,5365346.02765,163570,240.474858952,0.0001,
2017-08-29,72932768.8773,5323,566591000.0,274.68,28596800.0,7150.0,2.56147739,61987,4993802.78441,160080,251.438915927,0.0001,
2017-08-30,63776246.4599,5684,560403000.0,270.74,29396300.0,7237.5,2.93404791,63254,5144560.65342,155418,270.739807775,0.0001,
2017-08-31,53188554.5898,5565,565218000.0,272.12,26913900.0,7075.0,2.5030074,60343,5334631.64975,148842,204.107456498,0.0001,
2017-09-01,63722110.7823,6247,591510000.0,283.81,45352800.0,7275.0,2.68232699,63739,5064981.82564,156282,283.781619,0.0001,
2017-09-02,70731633.2077,5430,637301000.0,304.72,52498700.0,7162.5,2.1509322,61260,5251051.37679,165691,189.628666854,0.0001,
2017-09-03,42018225.8054,4688,534636000.0,254.76,34128900.0,7087.5,2.02708177,55511,5415669.11536,153519,132.659679359,0.0001,
2017-09-04,69858460.6759,5163,548884000.0,260.66,41954600.0,7087.5,3.08077546,61301,5242169.89409,161136,260.66,0.0001,
2017-09-05,23316162.8671,4472,463446000.0,219.36,31113600.0,7237.5,2.52991421,60105,4997728.09153,147607,219.36,0.0001,
2017-09-06,33792271.8305,4734,482953000.0,227.81,29252500.0,7175.0,3.23541559,63097,5303610.41894,169178,243.189797093,0.0001,
2017-09-07,29389741.3302,4423,527118000.0,247.8,27100600.0,7150.0,2.94806715,61342,5187562.93948,163095,233.276442,0.0001,
2017-09-08,31078022.8077,4502,528046000.0,247.4,30849900.0,7150.0,2.32766088,61200,5342001.73953,167221,247.4,0.0001,
2017-09-09,88482841.1976,4520,458172000.0,213.95,24960900.0,7087.5,1.58722892,59656,5312456.86958,158404,427.9,0.0001,
2017-09-10,21561373.7117,3764,458304000.0,213.3,26701400.0,7237.5,3.03461669,60218,5218253.71415,155780,213.3,0.0001,
2017-09-11,25299244.121,4421,457445000.0,212.19,22339400.0,7200.0,2.09442624,60608,5599983.07511,164746,174.585492985,0.0001,
2017-09-12,32321037.6526,4414,449686000.0,207.9,26344600.0,7137.5,2.63179138,64535,5641245.21516,161306,202.692105,0.0001,
2017-09-13,93301793.0988,5419,449957000.0,207.34,32634000.0,7037.5,4.30624256,63369,5649663.2424,161350,649.829396637,0.0001,
2017-09-14,39213153.0987,5539,430379000.0,197.68,35524600.0,7287.5,3.72896247,63480,5234948.38613,168935,395.36,0.0001,
2017-09-15,34815598.1883,6502,347512000.0,159.08,45620000.0,7137.5,2.19873964,63527,5388173.33599,162139,627.85471688,0.0001,
2017-09-16,13816512.2631,4075,396908000.0,181.1,22550100.0,7175.0,1.70190127,60567,5584443.50471,165106,203.327534875,0.0001,
2017-09-17,25358382.9823,3635,378861000.0,172.3,17358900.0,7050.0,3.05612605,61423,5292140.29742,166354,267.66291546,0.0001,
2017-09-18,109660702.841,5446,383846000.0,174.01,27678900.0,7325.0,2.54016524,68455,5323774.44612,173444,217.764081918,0.0001,
2017-09-19,730805659.812,4382,428072000.0,193.42,19791200.0,7125.0,1.56431588,59143,5338097.15878,165034,236.752783937,0.0001,
2017-09-20,31685416.1085,4002,415166000.0,186.99,12166600.0,7175.0,6.22150477,56198,4909908.13988,154851,188.84120287,0.0001,
2017-09-21,33642591.7591,4816,417102000.0,187.25,17620100.0,7062.5,12.07522638,68293,4941760.33429,174945,374.5,0.0001,
2017-09-22,28400202.1501,5591,392222000.0,175.53,43671100.0,7262.5,5.13972788,64541,5488543.16512,165807,196.395679393,0.0001,
2017-09-23,22411770.2729,4547,438281000.0,195.5,29531600.0,7162.5,1.74431594,60454,5775345.14398,153089,202.899422805,0.0001,
2017-09-24,20218490.1956,4149,458828000.0,204.02,15176600.0,7187.5,2.14944892,55635,5494428.2715,153444,102.01,0.0001,
2017-09-25,34026016.9772,6819,463963000.0,205.65,32460800.0,7212.5,3.3905747,64272,5969938.7549,167275,107.645871978,0.0001,
2017-09-26,26208111.709,5535,522161000.0,230.7,20525600.0,7075.0,2.34092041,63767,5987462.74947,153154,161.998402818,0.0001,
2017-09-27,80130488.4787,9412,525065000.0,231.26,130957000.0,7337.5,3.55259473,73908,6396360.92968,172059,232.855694,0.0001,
2017-09-28,174916890.44,14494,650661000.0,285.65,296921000.0,7125.0,10.28415914,95162,7067050.44628,163665,657.858454251,0.0001,
2017-09-29,81446593.976,10055,711727000.0,311.49,71232100.0,7125.0,12.70142373,78990,7175740.38094,154676,1599.11769024,0.00042,
2017-09-30,51271800.0483,5481,664608000.0,289.96,37283500.0,7150.0,2.7263231,67004,7332622.96421,156724,289.96,0.0001,
2017-10-01,35383190.7164,4880,637677000.0,277.35,33546100.0,7137.5,1.66075389,65543,7462643.81445,154928,249.958456373,0.0001,
2017-10-02,35835777.4744,5395,610037000.0,264.51,52062000.0,7225.0,2.1626367,67484,7177386.28743,158864,213.745060933,0.0001,
2017-10-03,31765620.8434,4496,597264000.0,258.16,36278200.0,7100.0,2.09825095,65276,7754148.03293,164170,245.184191694,0.0001,
2017-10-04,36266680.5028,4669,587108000.0,253.0,22195500.0,7262.5,2.05291433,64198,7302796.43122,163250,139.31127485,0.0001,
2017-10-05,47172084.8598,5241,553211000.0,237.64,48244700.0,7212.5,2.29700637,64748,7702864.09684,166677,237.703138572,0.0001,
2017-10-06,38245545.2626,4945,595099000.0,254.85,49397500.0,7025.0,2.28346119,65199,7325025.60125,163731,181.049800483,0.0001,
2017-10-07,54295558.5273,3973,602523000.0,257.25,30163700.0,7150.0,2.38301866,64227,7270312.90892,163296,228.0761007,0.0001,
2017-10-08,39123426.3226,4375,595599000.0,253.52,30469500.0,7212.5,2.67231776,64086,7367228.63906,165489,204.199354697,0.0001,
2017-10-09,38149889.1419,4829,569009000.0,241.46,33586100.0,7112.5,3.06128789,66801,7509053.64624,164754,239.511999719,0.0001,
2017-10-10,39064995.2116,4706,542934000.0,229.71,27876900.0,7275.0,2.2048368,65068,7311124.57883,160642,189.925229536,0.0001,
2017-10-11,53476159.2756,4032,557915000.0,235.32,20522300.0,7087.5,2.74022901,63564,7032407.01076,154879,193.159231061,0.0001,
2017-10-12,75067876.4241,5501,562261000.0,236.44,39391300.0,7175.0,3.8769302,66667,7047542.67674,161062,239.799514486,0.0001,
2017-10-13,67446725.1791,6002,541560000.0,227.05,62551500.0,7150.0,3.22962972,68147,7163259.33989,162451,229.881417943,0.0001,
2017-10-14,49864702.1523,4126,574275000.0,240.05,21199600.0,7087.5,2.18102305,62968,6709155.59002,158002,172.828532045,0.0001,
2017-10-15,45573471.6415,4469,577433000.0,240.66,25648400.0,7112.5,2.8165727,64886,6804418.53123,161207,237.800340704,0.0001,
2017-10-16,32100541.8192,4803,558212000.0,231.96,22198300.0,7137.5,3.17706725,67783,7338868.8862,165232,155.193197538,0.0001,
2017-10-17,57092985.7505,4951,562642000.0,233.11,60696400.0,7200.0,3.10022205,69750,6496285.23993,167112,233.11,0.0001,
2017-10-18,35700943.7691,4450,559570000.0,231.15,29137800.0,7262.5,3.20943421,66776,6401174.85378,161777,231.15,0.0001,
2017-10-19,28789937.9082,4607,556979000.0,229.39,30300100.0,7075.0,4.13425132,64643,6243393.67945,166015,222.272785287,0.0001,
2017-10-20,59818212.4267,4578,560579000.0,230.2,29093800.0,7200.0,2.16205892,62504,6116207.15781,160435,215.628358416,0.0001,
2017-10-21,28286667.2941,4461,542326000.0,222.05,37115000.0,7012.5,1.94624876,62578,6013236.23893,157177,215.535053,0.0001,
2017-10-22,38284630.8443,4438,521286000.0,212.82,26263000.0,7262.5,1.98059717,62366,5826125.38972,164846,191.252544534,0.0001,
2017-10-23,40099658.952,5286,524261000.0,213.41,26665700.0,7125.0,2.26105464,64802,6205622.19464,157093,212.535019,0.0001,
2017-10-24,76662568.5973,5135,509003000.0,206.59,37788300.0,7125.0,2.0929403,65052,5795506.19226,160280,208.153524768,0.0001,
2017-10-25,29857823.2662,4583,533463000.0,215.9,44717900.0,7175.0,1.6821209,64389,5841406.37679,157532,219.772313312,0.0001,
2017-10-26,40823807.806,4930,538633000.0,217.36,41638100.0,7225.0,1.85612317,65630,6212939.60574,171355,252.797761445,0.0001,
2017-10-27,100589143.359,6673,579905000.0,233.33,131517000.0,7162.5,2.94408476,68957,6257890.86753,159231,282.799658281,0.0001,
2017-10-28,58431535.5989,9974,607479000.0,243.72,45309100.0,7087.5,15.98624902,65578,5996877.53368,148366,1289.29313561,0.0022689,
2017-10-29,28878859.0136,5984,578982000.0,231.63,59020900.0,7062.5,7.57712092,70289,5660672.81849,169361,713.138098621,0.00016093,
2017-10-30,62195560.4169,5133,585624000.0,233.63,50794000.0,7262.5,3.60915113,57063,5989674.13299,163986,143.789651126,0.0001,
2017-10-31,52866957.1228,7578,602974000.0,239.86,38363600.0,7062.5,7.69997446,72434,5935879.5022,170056,491.58996861,0.0001,
2017-11-01,91727307.0971,5488,589719000.0,233.93,47917100.0,7250.0,3.11377209,63721,6035631.84177,162881,292.155177,0.0001,
2017-11-02,56968909.4267,5159,563565000.0,222.91,47381200.0,7000.0,2.65712808,56415,5958057.99165,145417,230.574151806,0.0001,
2017-11-03,69921755.3781,5152,552362000.0,217.88,48622200.0,7262.5,2.4649142,62035,5874645.20393,177818,199.459126235,0.0001,
2017-11-04,44424413.5729,3895,591459000.0,232.63,36530200.0,7062.5,2.36416223,50809,5751849.96375,148541,206.706962023,0.0001,
2017-11-05,57625347.4501,4222,587210000.0,230.32,38159100.0,7300.0,4.2314141,60022,5917938.28759,162934,162.71342877,0.0001,
2017-11-06,56581347.5034,4946,576941000.0,225.65,47873100.0,7112.5,3.31393194,58490,6032321.3355,151117,225.65,0.0001,
2017-11-07,43897102.2392,5016,586502000.0,228.75,55446200.0,7162.5,2.5334721,61142,6072795.18942,172310,228.75,0.0001,
2017-11-08,60721057.0129,5630,617406000.0,240.13,60804200.0,7162.5,2.64100239,62124,6301456.29229,160203,222.325517927,0.0001,
2017-11-09,55257940.5238,6460,645990000.0,250.55,86573400.0,7162.5,2.60017285,63855,5754828.72446,147526,229.069917554,0.0001,
2017-11-10,49297856.6088,5834,677262000.0,261.95,78740400.0,7175.0,2.74401824,64121,6424295.67621,159644,238.722961607,0.0001,
2017-11-11,49687566.0855,5358,617454000.0,238.16,68016100.0,7100.0,2.43656914,55470,6625755.60718,140744,238.136184,0.0001,
2017-11-12,53247378.4453,6025,659346000.0,253.63,119639000.0,7262.5,2.5638856,63272,6494814.81368,150140,253.63,0.0001,
2017-11-13,74981870.2795,7423,778787000.0,298.73,115940000.0,7100.0,3.722189,68183,6224700.58283,158319,327.550866965,0.0001,
2017-11-14,79069351.8455,5537,694229000.0,265.58,52265100.0,7112.5,2.61781645,54347,6228070.05292,132482,265.58,0.0001,
2017-11-15,105277282.923,6569,710792000.0,271.17,89937200.0,7312.5,3.09791968,66786,5994650.78506,169152,332.169002728,0.0001,
2017-11-16,79821378.9155,7867,762905000.0,290.25,173976000.0,7087.5,3.21113557,68947,6412048.34762,156597,332.315604517,0.0001,
2017-11-17,91761957.6742,5493,773268000.0,293.39,56387900.0,7175.0,2.80223684,63637,6336751.20652,151022,293.468763479,0.0001,
2017-11-18,76646502.2432,4845,768597000.0,290.83,61087000.0,7175.0,2.88937704,62888,6429746.14235,152099,233.407983856,0.0001,
2017-11-19,60578912.2499,5751,790267000.0,298.22,53157100.0,7050.0,2.4450001,63350,6375391.93177,147428,352.124389289,0.0001,
2017-11-20,42488732.2609,5940,795282000.0,299.32,55245200.0,7125.0,2.67591763,66987,6515608.22881,158015,301.471524133,0.0001,
2017-11-21,115829535.957,6066,804205000.0,301.87,82637900.0,7312.5,2.98629086,65778,6138202.45904,174208,371.223035608,0.0001,
2017-11-22,158509699.407,7235,777089000.0,290.89,139325000.0,7037.5,2.65163795,66779,6077090.10558,158371,508.999322,0.0001,
2017-11-23,97275647.1484,6447,855647000.0,319.45,102568000.0,7262.5,2.98720526,68059,6021013.8858,161601,386.784664489,0.0001,
2017-11-24,86339165.3211,6715,833750000.0,310.44,153182000.0,7150.0,4.16507304,69146,6060319.15976,181605,313.098260467,0.0001,
2017-11-25,142337043.892,7495,938711000.0,348.59,120059000.0,7200.0,3.98930844,70639,6273764.9646,171560,393.646780838,0.0001,
2017-11-26,109274874.153,7181,931073000.0,344.83,81416400.0,7125.0,4.77143045,74535,6076299.03635,179071,643.314272134,0.0001,
2017-11-27,95156527.9382,7510,920947000.0,340.18,90891200.0,7137.5,5.39655517,74959,5920280.18924,174618,513.871458446,0.0001,
2017-11-28,87229449.2729,7390,943652000.0,347.66,127136000.0,7137.5,5.18740744,74356,5962842.54865,169182,473.832899311,0.0001,
2017-11-29,115458237.885,8125,1010140000.0,371.17,157702000.0,7250.0,7.04027253,68079,6152265.95818,169116,455.811495449,0.0001,
2017-11-30,111964112.292,6759,844333000.0,309.42,93494200.0,7125.0,5.71656325,73651,5895357.6128,190727,573.933080191,0.0001,
2017-12-01,55709884.7753,6625,837670000.0,306.19,78854200.0,7075.0,4.97092483,71437,5859429.96266,180939,321.405098561,0.0001,
2017-12-02,56608079.2107,6357,919935000.0,335.38,63555100.0,7262.5,5.02789066,69078,5921528.91291,168657,338.734296362,0.0001,
2017-12-03,65011729.0308,6400,906261000.0,329.53,85387900.0,7037.5,3.57645803,69437,5699823.08504,174740,314.184595248,0.0001,
2017-12-04,62056040.6818,6791,890812000.0,323.08,61649200.0,7062.5,2.69068686,65200,5985225.19683,167590,211.584555687,0.0001,
2017-12-05,98166271.9322,6406,914876000.0,330.96,72757600.0,7425.0,2.55462689,65762,5844374.39617,183122,314.004498881,0.0001,
2017-12-06,101957623.825,7850,895026000.0,322.92,206504000.0,6925.0,2.96873434,70403,5368405.40537,173035,328.4282079,0.0001,
2017-12-07,111881547.817,8201,944355000.0,339.87,125668000.0,7187.5,5.0296815,85397,5445144.36115,209294,339.836013,0.0001,
2017-12-08,318968652.095,8813,858140000.0,308.04,127793000.0,7225.0,6.12283434,87263,5437305.70728,214518,462.080429213,0.0001,
2017-12-09,149209696.081,8273,915507000.0,327.78,132799000.0,7150.0,5.52704386,80788,5881478.02614,204788,328.700461963,0.0001,
2017-12-10,83007575.7029,7455,888438000.0,317.28,107504000.0,7125.0,4.15665851,78619,5548474.97248,202554,286.775190547,0.0001,
2017-12-11,140474931.041,9150,814205000.0,290.03,115200000.0,7212.5,4.71043952,91534,5609655.31282,219705,258.05602839,0.0001,
2017-12-12,152663190.035,11131,902200000.0,320.55,191288000.0,7150.0,6.52452271,95775,6086247.2707,225253,286.663303574,0.0001,
2017-12-13,243417837.893,11871,1050030000.0,372.13,265914000.0,7187.5,5.87813388,98379,5811370.88891,221812,358.239689555,0.0001,
2017-12-14,206253244.428,12985,1177960000.0,416.41,423033000.0,7150.0,5.96609587,91434,6122227.8329,200127,412.1959308,0.0001,
2017-12-15,180580320.528,10886,1448690000.0,510.82,220484000.0,7287.5,5.60167697,94870,5961792.50327,226806,428.108316767,0.0001,
2017-12-16,109457842.892,9519,1334630000.0,469.39,150140000.0,7200.0,4.6806602,92565,6358225.79099,215237,235.164145917,0.0001,
2017-12-17,138154500.467,10550,1344370000.0,471.63,305008000.0,7162.5,4.3121458,94721,6360104.39168,203058,202.605965888,0.0001,
2017-12-18,149058016.694,12852,1538680000.0,538.45,348897000.0,7175.0,5.84766151,101902,6374622.30289,215451,323.942428997,0.0001,
2017-12-19,213565502.291,12455,1706810000.0,595.79,287417000.0,7087.5,4.88057472,101753,6588864.04151,226020,270.061585812,0.0001,
2017-12-20,267856489.167,13110,1761330000.0,613.29,305316000.0,7100.0,5.58158881,104655,6344963.34859,213357,322.405461344,0.0001,
2017-12-21,223801792.416,12955,1942370000.0,674.66,279558000.0,7250.0,5.84537812,111645,6856760.26838,222207,350.000033841,0.0001,
2017-12-22,598805823.36,11163,1884510000.0,652.92,351521000.0,7087.5,4.83915626,99256,7295430.50153,220474,441.945943212,0.0001,
2017-12-23,185357229.314,10636,1568750000.0,542.19,231311000.0,7200.0,4.36085041,95058,6868742.57415,220326,248.76784352,0.0001,
2017-12-24,188523290.54,11836,1726960000.0,595.39,142136000.0,7225.0,9.13495104,100736,7205440.3618,220829,904.9928,0.0001,
2017-12-25,182769058.753,9781,1558920000.0,536.13,139365000.0,6975.0,4.54705549,95023,7300543.80477,209109,269.047838877,0.0001,
2017-12-26,148834089.123,9785,1632270000.0,560.0,139397000.0,7262.5,4.76734742,93248,7463707.2033,218561,281.736,0.0001,
2017-12-27,109626352.456,9959,1677730000.0,574.16,143217000.0,7137.5,5.35690607,91848,7058981.10482,217265,288.631736299,0.0001,
2017-12-28,234170719.724,16677,1618580000.0,552.58,129796000.0,7200.0,20.94545777,104857,6444950.45645,216817,1426.70218528,0.001,
2017-12-29,210667686.223,14550,1491580000.0,507.97,227427000.0,7162.5,12.79355665,108123,6561704.17318,224056,1025.29057969,0.0001,
2017-12-30,191236459.551,9787,1689880000.0,574.1,143776000.0,7037.5,4.12497317,96276,6286062.14899,218406,344.40259,0.0001,
2017-12-31,174522015.388,8340,1424590000.0,482.82,95277100.0,7275.0,5.31865993,91340,6536027.43209,218646,249.481412989,0.0001,
2018-01-01,185521882.276,9482,1502590000.0,508.0,234555000.0,7175.0,5.09803131,94054,6992689.15889,220847,237.236,0.0001,
2018-01-02,285165219.991,11912,1713990000.0,578.08,207114000.0,7050.0,4.73253019,93625,6639310.66799,215600,303.785219518,0.0001,
2018-01-03,418070021.203,11077,1727630000.0,581.29,152736000.0,7275.0,4.80435593,88902,6958816.30436,208852,255.709471,0.0001,
2018-01-04,508620326.864,10792,1737200000.0,583.08,166095000.0,7162.5,4.46041111,93285,6571435.4791,223784,233.532997558,0.0001,
2018-01-05,361574472.97,10155,1764630000.0,590.87,158978000.0,6937.5,3.55961111,80047,6327865.88516,196181,258.486350821,0.0001,
2018-01-06,252429052.542,12027,1759870000.0,587.91,305643000.0,7237.5,3.94968063,92759,6139389.68752,217453,207.596282795,0.0001,
2018-01-07,346035744.018,16419,2269630000.0,756.37,542981000.0,7250.0,5.77963342,102976,6545221.22547,227430,378.197805344,0.0001,
2018-01-08,313172278.175,11589,2659820000.0,884.27,282955000.0,7062.5,3.10230187,90842,6726839.65643,214168,354.880365166,0.0001,
2018-01-09,171781938.374,9810,2090110000.0,693.24,213921000.0,7137.5,2.72688382,82736,6352966.75189,202911,259.168065161,0.0001,
2018-01-10,130215164.961,11596,2032060000.0,672.39,245168000.0,7187.5,2.81035719,100082,6284506.30995,224210,281.68703226,0.0001,
2018-01-11,155907667.552,11224,2178380000.0,719.1,221531000.0,7237.5,2.97844717,91274,6264787.47439,191795,402.673456215,0.0001,
2018-01-12,159993696.463,10974,1977330000.0,651.18,185898000.0,7100.0,2.76629219,105685,6474797.01447,223043,325.59,0.0001,
2018-01-13,177100756.92,11083,2141980000.0,703.76,151405000.0,7187.5,3.54534425,102279,6328488.10753,210319,352.444647761,0.0001,
2018-01-14,80582832.8067,9798,2141180000.0,701.85,142911000.0,7200.0,2.68510817,92573,6666106.10342,202189,303.433716159,0.0001,
2018-01-15,257802681.791,10581,2054190000.0,671.73,157346000.0,7162.5,3.3737985,96219,6610642.54346,211458,363.254972117,0.0001,
2018-01-16,326128100.356,10494,1922320000.0,627.14,283879000.0,7162.5,2.26519301,100868,6758414.86295,226573,377.206184284,0.0001,
2018-01-17,173285948.482,9545,1564650000.0,509.27,171892000.0,7250.0,3.21910345,96477,7129613.58587,209420,327.965204901,0.0001,
2018-01-18,113779582.525,9371,1532650000.0,497.68,128385000.0,7125.0,2.78040465,90900,7065235.18249,211584,235.019212398,0.0001,
2018-01-19,92125409.3812,8986,1501990000.0,486.59,163175000.0,7100.0,2.15066981,99627,6707947.07482,230724,212.666855209,0.0001,
2018-01-20,98018130.3146,9064,1636230000.0,528.86,126555000.0,7300.0,2.05873807,95700,6781784.6116,223429,153.316514,0.0001,
2018-01-21,136979492.569,7720,1735780000.0,559.72,94691700.0,7112.5,2.06050934,92788,6690936.05408,217239,202.842528,0.0001,
2018-01-22,96229262.6211,7733,1530980000.0,492.55,78727100.0,7012.5,2.32949538,93915,7195324.08771,217356,182.239106454,0.0001,
2018-01-23,158947811.92,7745,1390650000.0,446.4,79187400.0,7225.0,2.12648431,92586,6506330.65502,207571,183.024008928,0.0001,
2018-01-24,148714140.176,7140,1380510000.0,442.12,78432400.0,7175.0,2.14615427,92125,6481387.10589,205956,196.466747831,0.0001,
2018-01-25,134046240.87,7499,1432080000.0,457.58,85020800.0,7100.0,2.06046152,91599,6775971.43936,210667,187.584925576,0.0001,
2018-01-26,185179935.523,8330,1485840000.0,473.68,87992700.0,7325.0,3.02331448,94728,6732709.40593,212549,201.489536334,0.0001,
2018-01-27,90799251.0644,7459,1435350000.0,456.53,71220400.0,7062.5,2.5961867,90709,7040086.91357,199022,211.684985421,0.0001,
2018-01-28,71202804.4984,8423,1428950000.0,453.47,74527600.0,7287.5,3.68798567,93711,6428484.17466,212240,201.748803,0.0001,
2018-01-29,89892097.6101,7795,1489000000.0,471.43,75045800.0,7050.0,3.10429746,93190,6810414.98622,213192,271.903225518,0.0001,
2018-01-30,56934963.9774,7651,1421050000.0,448.92,77962100.0,7225.0,3.83917627,90167,6713057.26189,209993,226.189531638,0.0001,
2018-01-31,56522372.5651,7574,1217890000.0,383.87,77064800.0,7075.0,3.39006434,88731,6523339.68286,199252,261.788173222,0.0001,
2018-02-01,50257502.7197,7772,1269550000.0,399.26,117572000.0,7200.0,3.54747101,89455,6346101.26612,200876,337.956369916,0.0001,
2018-02-02,52760151.1603,8623,1270100000.0,398.83,113633000.0,7250.0,4.91377877,92498,6940008.26275,184086,398.750234,0.0001,
2018-02-03,27797533.2039,7751,1228180000.0,384.51,53483300.0,7037.5,2.84113274,81193,6941903.49999,197206,192.216549,0.0001,
2018-02-04,64145439.2693,7311,1244410000.0,388.73,45202600.0,7162.5,2.68935786,90466,6782703.38392,204020,253.584998955,0.0001,
2018-02-05,95696327.2709,7753,1100550000.0,343.02,56414800.0,7287.5,2.70669723,90359,6991991.1804,201688,347.715034797,0.0001,
2018-02-06,59413690.5687,9209,988334000.0,307.35,140867000.0,7100.0,3.16908238,95803,7294713.0869,192420,273.433924427,0.0001,
2018-02-07,136178891.408,8571,1188410000.0,368.75,95854600.0,7175.0,3.06329333,99125,7562084.90169,203195,369.633749937,0.0001,
2018-02-08,42213136.0857,8135,1148880000.0,355.69,113216000.0,7200.0,3.17243499,98217,7766514.76918,192635,192.280767572,0.0001,
2018-02-09,49938869.9686,8699,1414970000.0,437.1,109467000.0,7225.0,4.82738762,101128,8121646.28499,190616,350.310486153,0.0001,
2018-02-10,49610019.1196,9100,1541400000.0,475.1,124973000.0,7112.5,5.4156637,92169,8254903.74597,191462,240.063906132,0.0001,
2018-02-11,40084817.0726,7146,1569620000.0,482.73,87156000.0,7300.0,2.504421,89572,8694659.08589,186938,257.726940258,0.0001,
2018-02-12,37129784.9543,7355,1422980000.0,436.66,73819900.0,7162.5,3.37174885,89346,9074961.2336,193062,205.359412061,0.0001,
2018-02-13,37082748.4311,7188,1509010000.0,462.04,69848500.0,6937.5,3.55763901,87351,8404938.43194,186853,231.02,0.0001,
2018-02-14,36684140.5145,7997,1458170000.0,445.52,95177000.0,7300.0,3.72743503,95179,7642925.8881,193361,214.786377083,0.0001,
2018-02-15,41973146.5013,8161,1587070000.0,483.83,91880100.0,7100.0,3.10183182,91020,7791303.48097,192473,248.853818915,0.0001,
2018-02-16,35647667.4952,7172,1591700000.0,484.19,81125600.0,7225.0,3.17153546,89406,8465740.60553,196277,212.462572,0.0001,
2018-02-17,35083390.5606,8145,1582800000.0,480.43,89428000.0,7225.0,4.27151714,89260,8375647.7122,202112,109.022010137,0.0001,
2018-02-18,28745629.0417,8003,1623190000.0,491.61,75407700.0,7050.0,3.0426866,88806,8703099.39403,195283,99.9501336624,0.0001,
2018-02-19,38426198.6807,7588,1487380000.0,449.52,89904700.0,7212.5,3.27152142,90879,8413074.04399,198777,184.303204495,0.0001,
2018-02-20,43020988.4204,7447,1572610000.0,474.24,92509400.0,7137.5,2.86447996,92180,8174297.03352,199361,245.608896,0.0001,
2018-02-21,45180708.9351,7235,1458040000.0,438.75,98094200.0,7062.5,2.68865784,88095,8677907.31739,190040,251.615832975,0.0001,
2018-02-22,40852494.2308,6762,1470670000.0,441.61,70323100.0,7262.5,2.50123252,86816,8027343.76156,184606,289.273291928,0.0001,
2018-02-23,30853872.05,6018,1324440000.0,396.84,65084700.0,7137.5,2.03098855,86817,8825725.99742,195244,181.646319259,0.0001,
2018-02-24,34101951.3173,6108,1389200000.0,415.35,57684200.0,7200.0,1.79553089,87796,8469871.16601,185231,198.972732173,0.0001,
2018-02-25,21073580.4721,5535,1312580000.0,391.6,50147900.0,7150.0,1.50128752,85993,8291008.85525,186381,191.717503428,0.0001,
2018-02-26,29699438.5968,7377,1315560000.0,391.65,56278600.0,7200.0,3.12644588,93179,8839154.95783,186672,230.276707657,0.0001,
2018-02-27,30340183.5686,7718,1363480000.0,405.05,44954300.0,7187.5,4.3283057,93844,8850618.3916,191384,181.08570755,0.0001,
2018-02-28,35830679.0366,7447,1378080000.0,408.52,53379100.0,7162.5,3.49915117,91584,9113971.19035,195468,204.488599622,0.0001,
2018-03-01,38921104.5642,6814,1293470000.0,382.62,44341900.0,7125.0,3.06418485,88377,9888594.02735,182518,212.557045474,0.0001,
2018-03-02,32282927.3509,7113,1353130000.0,399.43,54698000.0,7200.0,2.79952632,80005,9516353.09577,170364,203.7091602,0.0001,
2018-03-03,34840111.7671,8514,1313900000.0,387.02,61064800.0,7162.5,3.83596368,97063,9400902.03652,200450,392.205526172,0.0001,
2018-03-04,30768618.926,8766,1316320000.0,386.92,63635000.0,7187.5,4.07782056,93505,8777569.28945,178958,484.801709941,0.0001,
2018-03-05,43756523.8488,8584,1393620000.0,408.78,57656400.0,7225.0,11.48872166,87765,9686719.10283,176923,412.8678,0.0001,
2018-03-06,41139282.8944,8195,1340600000.0,392.39,57546200.0,7112.5,3.08896023,90926,9732058.17452,181054,381.334592249,0.0001,
2018-03-07,47919638.0471,6325,1315370000.0,384.21,59469300.0,7012.5,1.8914796,82813,9978208.8215,184745,273.10962335,0.0001,
2018-03-08,39525315.3298,5758,1192750000.0,347.68,57779600.0,7262.5,1.97852482,85000,9777566.06488,195180,341.244686576,0.0001,
2018-03-09,41158056.0708,5868,1089670000.0,316.96,75390500.0,7187.5,2.20929978,80999,9440213.69019,178501,316.958218685,0.0001,
2018-03-10,23582227.3994,5284,1071010000.0,310.89,51613200.0,7050.0,1.86038,76907,8732428.40917,166977,187.716037978,0.0001,
2018-03-11,25525713.0718,5629,993100000.0,287.68,55436800.0,7212.5,1.6480869,80993,9386380.4724,184433,159.686688822,0.0001,
2018-03-12,33335069.441,5754,1068090000.0,308.76,51763700.0,7050.0,1.82411719,80898,8825706.31102,171760,230.229793256,0.0001,
2018-03-13,29236402.9908,5258,1006780000.0,290.44,46337600.0,7187.5,1.65651058,80408,9406998.25659,179833,183.791863869,0.0001,
2018-03-14,35538429.6497,5976,793127000.0,284.55,52691100.0,7200.0,1.97550552,75640,8790455.24397,185965,276.97169367,0.0001,
2018-03-15,30393371.6601,5670,871062000.0,250.25,45521300.0,7187.5,2.14909043,80952,8615565.27875,188150,252.752735235,0.0001,
2018-03-16,29265081.9125,5270,847849000.0,243.08,43510900.0,7162.5,1.82964457,72160,8698541.43407,175077,245.510817016,0.0001,
2018-03-17,14474201.6258,5157,827714000.0,236.82,41086300.0,7162.5,2.49518055,81744,8811928.98805,198764,160.629805433,0.0001,
2018-03-18,18135314.1184,5436,771149000.0,220.19,59834200.0,7137.5,3.04329176,72707,9421058.14725,168163,244.635903353,0.0001,
2018-03-19,21076839.8815,7374,858361000.0,244.59,58323800.0,7087.5,4.24777538,86842,8808510.76657,175201,322.931193748,0.0001,
2018-03-20,21996040.4161,7035,899321000.0,255.75,54027600.0,7250.0,6.46914415,90833,9240558.33021,177322,361.266112515,0.0001,
2018-03-21,31588840.7093,6263,915317000.0,259.76,69577100.0,7125.0,2.19757511,82175,9903360.09245,175696,221.575770946,0.0001,
2018-03-22,16609473.8879,4939,919961000.0,260.55,49773700.0,7137.5,1.64254748,77572,9539580.06605,177017,192.588278697,0.0001,
2018-03-23,23025850.2998,4938,882874000.0,249.54,49636800.0,7187.5,1.62915404,77622,9291839.09532,169121,252.723074846,0.0001,
2018-03-24,23303995.0072,5170,919738000.0,259.44,44876000.0,7087.5,1.67191569,77869,9701136.06796,163129,195.043865748,0.0001,
2018-03-25,17935011.4546,4915,855504000.0,240.83,41414800.0,7212.5,1.41853074,79295,9737570.70049,179013,193.589545815,0.0001,
2018-03-26,27062874.0262,5207,850197000.0,238.86,52425700.0,7212.5,1.88141038,77494,9502184.93629,174094,225.111299612,0.0001,
2018-03-27,15370055.3945,4789,805876000.0,225.95,46729300.0,7100.0,1.90116621,78061,9650536.19161,178149,209.216081993,0.0001,
2018-03-28,16096667.5723,4876,772759000.0,216.23,65786200.0,7225.0,2.72251784,81609,8927812.87443,173276,218.392555151,0.0001,
2018-03-29,23186808.209,5297,755263000.0,210.91,55324500.0,7137.5,3.55690715,89092,9239572.08879,180327,390.118978413,0.0001,
2018-03-30,15354040.2144,5355,668727000.0,186.37,44308900.0,7075.0,3.37247652,83466,9274071.68471,174664,257.105788604,0.0001,
2018-03-31,13136180.1831,5222,682607000.0,189.87,46055900.0,7162.5,3.27701652,85210,9078842.96366,179780,189.661143,0.0001,
2018-04-01,11633316.1828,5299,668694000.0,185.63,44314700.0,7200.0,3.58725876,84099,8759451.47948,179031,193.052705133,0.0001,
2018-04-02,27707430.0332,5607,660806000.0,183.07,44433600.0,7200.0,2.33929144,83213,9229687.69899,185499,183.07,0.0001,
2018-04-03,17644637.9576,5568,701891000.0,194.07,48698900.0,7150.0,3.0547322,82383,9129952.61987,174812,197.704661343,0.0001,
2018-04-04,17089591.9823,4900,746749000.0,206.06,38157200.0,7162.5,4.21803065,77559,9057190.40453,177669,206.058839882,0.0001,
2018-04-05,17811866.5093,4465,666250000.0,183.49,36531300.0,7162.5,3.20096098,80130,8946370.04918,177459,185.361858556,0.0001,
2018-04-06,8638002.71135,4179,667309000.0,183.41,32598900.0,7100.0,3.06151217,79778,9131715.22341,188850,177.758897633,0.0001,
2018-04-07,9835968.58929,4453,639366000.0,175.39,34326500.0,7175.0,2.99761021,80902,8897038.0988,176886,177.143914031,0.0001,
2018-04-08,8015943.21798,4214,663663000.0,181.7,28660200.0,7200.0,2.87903344,77242,8794502.25445,188442,158.201622062,0.0001,
2018-04-09,15720904.2423,5902,674205000.0,184.22,33855700.0,7212.5,3.84713666,80937,8637557.89867,187368,121.529449501,0.0001,
2018-04-10,18223630.8285,5227,651798000.0,177.75,33315100.0,6987.5,3.08988496,81498,8550225.93144,186664,179.527510665,0.0001,
2018-04-11,14833148.8259,5007,661099000.0,179.94,41436000.0,7200.0,2.85657306,80567,8383628.74888,181780,179.922006,0.0001,
2018-04-12,25581082.3174,5813,682471000.0,185.4,63825600.0,7150.0,2.73508692,84227,8501586.19285,184597,187.254003708,0.0001,
2018-04-13,25229148.0533,6294,797812000.0,216.31,71798000.0,7175.0,3.96211192,80447,8742437.54983,173603,218.552310559,0.0001,
2018-04-14,14077368.4316,4886,843875000.0,228.35,53766200.0,7112.5,2.73321795,76102,8841828.27683,177202,181.215906573,0.0001,
2018-04-15,12569562.4199,4983,824395000.0,222.65,50127300.0,7187.5,2.52486278,76501,8490260.7519,184677,174.718206351,0.0001,
2018-04-16,26934399.7198,5599,862259000.0,232.43,50850200.0,7250.0,2.86618934,78630,8293941.22901,171974,232.383514,0.0001,
2018-04-17,19360895.8935,5501,838417000.0,225.56,50375200.0,7112.5,2.71385726,77407,8452250.32072,175028,216.961379872,0.0001,
2018-04-18,28649344.8869,6363,826306000.0,221.88,72614500.0,7187.5,4.48634018,80414,8929923.42863,180102,256.182570342,0.0001,
2018-04-19,26247940.9523,6469,925199000.0,247.96,70313700.0,7237.5,2.90938697,80101,8604770.22408,175197,246.719232956,0.0001,
2018-04-20,34702784.0283,6456,983720000.0,263.13,80577500.0,7062.5,2.94875995,78041,8852577.02303,175694,207.79244535,0.0001,
2018-04-21,43549941.7799,5875,1055520000.0,281.8,65454300.0,7237.5,3.3310268,79534,8284545.73172,175008,281.798419102,0.0001,
2018-04-22,25830765.0041,6071,1013890000.0,270.17,61057600.0,7187.5,3.49024239,78370,8996383.57181,182325,178.207157904,0.0001,
2018-04-23,38383879.7522,6925,1023730000.0,272.27,79506600.0,7112.5,4.32613697,85219,8924269.02351,182055,217.888489165,0.0001,
2018-04-24,37548822.3657,7200,1123270000.0,298.18,99571800.0,7162.5,4.89360163,81859,8681520.75096,178396,259.461911433,0.0001,
2018-04-25,39364983.7477,6194,1201730000.0,318.4,86984900.0,7125.0,4.1271299,81908,8785695.39515,182408,286.549897168,0.0001,
2018-04-26,23188329.3391,5815,1075730000.0,284.48,67863400.0,7175.0,4.6146942,80619,8803930.31588,191367,226.595676653,0.0001,
2018-04-27,20787654.5324,6473,1149600000.0,303.44,61549400.0,7175.0,3.04554363,79359,8452906.88335,176838,100.780808047,0.0001,
2018-04-28,15852138.8775,5057,1072790000.0,282.63,55599300.0,7112.5,2.42839395,76905,8558133.63054,180863,146.721358613,0.0001,
2018-04-29,16724776.7421,5523,1127810000.0,296.56,63386900.0,7225.0,2.24357928,78642,8435718.80902,177612,158.600640906,0.0001,
2018-04-30,36048939.1086,6411,1118200000.0,293.48,67256900.0,7112.5,3.39058696,81268,8602131.55095,175046,135.264932,0.0001,
2018-05-01,37586157.959,5990,1089550000.0,285.43,66730800.0,7150.0,2.22444376,80132,8002504.83881,183796,214.639175596,0.0001,
2018-05-02,28992242.6882,6817,1110130000.0,290.28,60618000.0,7187.5,4.08354091,87400,8455590.75985,185513,240.657827051,0.0001,
2018-05-03,37851206.3407,7793,1122330000.0,292.92,77706900.0,7225.0,5.51619919,92073,8213916.93398,177216,375.01299175,0.0001,
2018-05-04,31262468.9305,6908,1185220000.0,308.75,61999900.0,6975.0,3.90502192,83833,8141020.99832,185454,194.481625,0.0001,
2018-05-05,21872019.5784,7540,1141200000.0,296.74,61409500.0,7200.0,5.44133355,83220,8036962.65613,184692,433.216064353,0.0001,
2018-05-06,20698267.3804,6025,1181470000.0,306.64,59462900.0,7250.0,4.06209068,78629,8364583.52534,176123,306.672779816,0.0001,
2018-05-07,25168856.9514,6011,1125010000.0,291.44,58105400.0,7150.0,3.18314724,78351,8179838.25152,184163,281.303247582,0.0001,
2018-05-08,25226466.3292,6370,1088060000.0,281.35,53964300.0,6975.0,3.36242173,80422,7534726.96335,180354,267.254365,0.0001,
2018-05-09,19786828.5084,5037,1066780000.0,275.35,49023000.0,7337.5,2.71769895,76344,7630783.82729,177167,235.096836822,0.0001,
2018-05-10,15307358.5104,5485,1073290000.0,276.5,54034000.0,7075.0,2.53389353,76801,8196235.9046,177119,253.988091665,0.0001,
2018-05-11,21428038.6433,5769,1025230000.0,263.64,58885700.0,7075.0,3.00983559,77122,7740265.49282,173338,211.463294968,0.0001,
2018-05-12,16084925.7009,10234,929804000.0,238.67,38966000.0,7275.0,5.89302347,85011,7725154.78263,183262,381.872,0.00056869,
2018-05-13,14148594.533,6602,958531000.0,245.58,28585200.0,7062.5,3.84479347,81772,7651419.12769,175768,360.276717092,0.0001,
2018-05-14,88578425.0285,13118,1020850000.0,261.08,293688000.0,7262.5,8.91935014,91772,8530536.34987,182170,228.733650048,0.0001,
2018-05-15,131639198.091,13650,1223180000.0,312.24,419546000.0,7175.0,9.53704524,94612,8937665.1996,169327,523.43899237,0.0001,
2018-05-16,309891766.31,15576,1390550000.0,354.39,298529000.0,7087.5,7.430476,121221,9139175.21022,178919,747.054687024,0.0001582,
2018-05-17,85871692.0747,11500,1446640000.0,367.94,134333000.0,7262.5,6.42133785,115707,9437273.1269,168328,732.07316766,0.00013119,
2018-05-18,89538526.2276,8252,1243470000.0,315.68,235261000.0,7200.0,4.00120921,88801,8950287.40755,169030,376.771189114,0.0001,
2018-05-19,44603667.1779,7084,1417980000.0,359.33,154257000.0,7025.0,6.17142586,78765,9185328.24916,157787,360.19490731,0.0001,
2018-05-20,35531897.0284,6450,1363290000.0,344.86,125868000.0,7250.0,3.76755039,78760,9229227.618,157879,280.352871383,0.0001,
2018-05-21,68798517.5837,7266,1393510000.0,351.86,89672200.0,7100.0,3.68899556,80697,9029046.939,162941,257.711123835,0.0001,
2018-05-22,107645042.158,9059,1310310000.0,330.26,142211000.0,7050.0,6.89874915,101129,9093236.57772,169399,168.347326868,0.0001,
2018-05-23,433282721.558,11494,1249130000.0,314.28,142578000.0,7312.5,18.3751511,107950,8331582.98175,175804,159.730462328,0.0003,
2018-05-24,486552019.767,10498,1143740000.0,287.24,106695000.0,6987.5,11.29201609,107715,7575631.05439,179480,146.088985782,0.0002,
2018-05-25,328581486.543,6423,1188770000.0,298.02,68341500.0,7287.5,2.41879709,87707,8112406.75585,184717,476.832,0.0001,
2018-05-26,174648507.263,5121,1132300000.0,283.35,62077600.0,7050.0,2.00926156,75881,8328133.21481,179311,323.117931653,0.0001,
